id_cancion,artista,genero,popularidad,duracion_segundos,bpm,energia,danceability,acousticness,valence,speechiness,instrumentalness,liveness,streams_millones,lanzamiento,explicito
TRACK_0001,Artista_39,Clásica,78,131,91,43.1,73.0,77.3,45.3,13.4,70.0,42.9,8.41,2015,0
TRACK_0002,Artista_29,Pop,91,215,153,49.3,48.2,15.2,42.8,13.9,30.2,15.6,26.73,2020,0
TRACK_0003,Artista_15,Pop,48,195,136,71.9,83.7,100.0,41.9,1.6,9.0,25.2,11.18,2018,0
TRACK_0004,Artista_43,Rock,91,313,147,82.8,70.6,17.7,64.6,1.0,52.9,28.5,2.223,2010,0
TRACK_0005,Artista_08,Reggaeton,40,231,116,96.4,100.0,0.0,42.4,19.8,0.3,15.0,56.394000000000005,2022,1
TRACK_0006,Artista_21,Jazz,65,203,131,69.9,24.9,48.2,39.2,18.2,32.5,7.1,2.33,2013,0
TRACK_0007,Artista_39,Pop,108,168,156,50.0,78.7,9.6,55.8,11.4,8.2,63.6,1.8,2013,0
TRACK_0008,Artista_19,Hip Hop,88,224,119,61.1,71.0,26.0,26.6,21.3,3.6,24.6,6.56,2023,0
TRACK_0009,Artista_23,Pop,75,275,101,38.7,41.2,5.0,99.4,4.6,8.2,49.6,7.98,2019,0
TRACK_0010,Artista_11,Jazz,103,224,86,74.6,77.7,23.4,14.5,2.5,42.6,26.8,13.2,2019,1
TRACK_0011,Artista_11,Pop,59,171,150,34.9,69.2,23.0,77.7,11.0,14.7,55.8,3.23,2015,0
TRACK_0012,Artista_24,Pop,84,234,187,81.7,75.0,24.3,40.1,24.4,7.7,32.3,34.099000000000004,2019,0
TRACK_0013,Artista_36,Electrónica,86,207,115,61.2,100.0,0.0,34.2,5.7,27.7,29.8,2.21,2022,1
TRACK_0014,Artista_40,Country,57,230,93,58.4,44.8,100.0,63.9,3.6,25.1,29.0,1.3,2010,0
TRACK_0015,Artista_24,Jazz,58,194,128,58.1,50.900000000000006,45.5,85.1,3.2,31.6,3.5,0.46,2019,0
TRACK_0016,Artista_03,Reggaeton,64,192,116,77.4,79.2,0.0,72.4,0.2,7.8,33.1,4.745,2014,0
TRACK_0017,Artista_22,Clásica,74,191,125,50.7,95.5,41.2,16.3,7.3,46.8,19.2,13.14,2012,0
TRACK_0018,Artista_02,Pop,86,252,131,22.8,100.0,48.3,74.3,44.4,2.8,35.4,11.37,2010,0
TRACK_0019,Artista_24,Country,66,193,119,41.1,55.3,37.2,55.8,16.9,27.9,35.5,6.98,2015,0
TRACK_0020,Artista_44,Reggaeton,83,189,146,99.4,84.4,0.0,44.1,22.8,0.9,19.1,3.523,2012,0
TRACK_0021,Artista_30,Hip Hop,35,167,129,18.5,51.9,0.0,61.5,21.7,3.3,35.3,21.24,2013,0
TRACK_0022,Artista_38,Jazz,66,230,100,42.1,39.1,36.9,90.9,6.6,27.2,21.5,5.24,2021,0
TRACK_0023,Artista_02,Hip Hop,57,224,76,37.1,78.3,2.3000000000000007,57.1,58.5,34.9,32.1,7.62,2018,0
TRACK_0024,Artista_21,Reggaeton,77,189,139,52.7,75.2,17.0,67.0,5.9,0.9,17.8,1.16,2011,0
TRACK_0025,Artista_33,Reggaeton,69,178,174,52.6,65.3,62.8,89.4,24.9,21.9,15.4,0.51,2010,0
TRACK_0026,Artista_12,Jazz,63,294,64,36.8,32.4,28.5,50.0,14.3,25.9,44.3,13.37,2019,1
TRACK_0027,Artista_22,Pop,85,125,95,65.7,100.0,58.0,57.7,4.0,30.9,24.6,97.52,2015,0
TRACK_0028,Artista_44,Country,84,232,130,40.5,34.1,90.9,92.6,7.0,48.8,18.1,8.09,2021,0
TRACK_0029,Artista_25,Hip Hop,72,268,120,20.6,74.6,59.7,90.5,16.9,13.3,28.6,13.46,2010,0
TRACK_0030,Artista_49,Pop,54,57,130,66.0,68.2,91.1,86.5,1.5,32.6,15.7,13.12,2010,1
TRACK_0031,Artista_27,Hip Hop,46,245,102,6.2,49.2,45.4,64.5,16.4,24.5,62.3,5.19,2023,1
TRACK_0032,Artista_42,Reggaeton,73,200,164,15.9,82.4,12.0,71.9,22.0,31.8,33.5,0.74,2016,1
TRACK_0033,Artista_28,Hip Hop,68,221,121,29.5,33.1,5.800000000000001,61.9,26.0,29.1,25.3,11.48,2011,0
TRACK_0034,Artista_16,Hip Hop,50,195,137,67.8,66.8,10.3,37.3,15.3,4.6,10.6,29.8,2013,0
TRACK_0035,Artista_15,Pop,80,258,128,74.5,37.3,61.8,38.6,4.6,13.8,16.9,9.16,2013,0
TRACK_0036,Artista_47,Reggaeton,66,226,139,48.5,100.0,0.0,75.4,9.6,64.6,75.1,3.72,2011,0
TRACK_0037,Artista_44,Clásica,48,215,115,6.199999999999999,91.3,35.2,59.6,5.4,48.4,49.2,8.13,2015,1
TRACK_0038,Artista_03,Rock,83,169,124,68.0,32.3,9.6,49.7,7.0,80.5,56.7,4.56,2019,0
TRACK_0039,Artista_37,Reggaeton,95,294,105,24.9,92.0,37.6,32.1,12.0,17.5,34.5,23.92,2023,0
TRACK_0040,Artista_07,Rock,34,210,147,79.5,19.7,48.0,59.0,6.3,22.4,59.8,8.385,2011,1
TRACK_0041,Artista_21,Reggaeton,69,313,155,19.1,88.4,5.699999999999999,19.1,2.1,21.4,41.6,11.92,2021,0
TRACK_0042,Artista_09,Reggaeton,63,296,82,68.2,83.5,0.0,34.9,7.4,33.8,6.5,19.54,2017,0
TRACK_0043,Artista_39,Reggaeton,97,129,118,53.9,100.0,19.0,17.3,4.4,10.0,17.0,12.0,2013,0
TRACK_0044,Artista_18,Pop,68,180,146,72.9,48.2,1.2,22.6,3.4,0.7,16.1,5.45,2010,0
TRACK_0045,Artista_04,Electrónica,50,163,94,52.4,91.0,5.199999999999999,41.0,4.0,24.7,30.0,0.83,2016,0
TRACK_0046,Artista_25,Pop,91,207,143,49.2,74.8,15.2,40.4,5.8,62.5,12.6,8.57,2015,0
TRACK_0047,Artista_14,Pop,56,218,116,37.6,66.2,100.0,100.0,21.8,19.6,26.5,15.43,2021,0
TRACK_0048,Artista_50,Pop,71,220,153,65.2,31.2,21.3,95.1,13.2,4.2,19.3,0.74,2023,0
TRACK_0049,Artista_09,Pop,58,257,119,27.6,53.2,24.1,100.0,11.0,5.7,35.9,8.36,2015,1
TRACK_0050,Artista_26,Reggaeton,56,277,116,92.4,56.9,22.4,13.7,6.4,48.1,29.2,6.656000000000001,2020,0
TRACK_0051,Artista_02,Electrónica,79,253,147,36.4,37.8,0.0,48.2,0.0,0.3,9.9,0.33,2012,1
TRACK_0052,Artista_20,Hip Hop,95,184,119,92.5,89.1,0.0,49.5,16.2,15.9,48.3,9.815,2019,1
TRACK_0053,Artista_28,Pop,50,174,99,66.3,61.2,23.1,25.4,16.8,3.5,11.5,26.56,2016,1
TRACK_0054,Artista_47,Jazz,74,210,160,33.2,22.799999999999997,100.0,77.8,4.9,31.6,26.0,5.24,2015,0
TRACK_0055,Artista_07,Hip Hop,54,229,95,34.0,46.5,5.800000000000001,14.6,20.3,7.3,22.4,0.42,2019,0
TRACK_0056,Artista_44,Reggaeton,54,201,78,82.1,38.0,19.1,57.1,2.3,5.0,41.8,10.100999999999999,2019,1
TRACK_0057,Artista_08,Clásica,72,149,139,8.600000000000001,29.8,100.0,44.1,24.8,71.4,29.9,18.85,2018,1
TRACK_0058,Artista_47,Country,49,240,105,81.8,14.0,68.1,46.3,25.7,8.1,66.8,2.366,2012,0
TRACK_0059,Artista_35,Pop,77,192,112,33.5,66.7,32.3,17.2,1.6,8.5,20.8,3.79,2012,1
TRACK_0060,Artista_14,Rock,75,190,111,38.0,52.1,45.0,48.4,12.9,22.1,47.6,3.24,2013,0
TRACK_0061,Artista_17,Clásica,66,207,85,53.400000000000006,79.8,100.0,71.5,0.8,86.5,25.3,5.63,2012,1
TRACK_0062,Artista_36,Hip Hop,92,199,100,84.9,84.2,86.4,28.0,21.1,23.3,48.1,4.056,2013,0
TRACK_0063,Artista_50,Pop,50,193,95,63.0,45.2,100.0,80.0,2.0,1.3,63.3,24.58,2015,0
TRACK_0064,Artista_40,Hip Hop,93,152,121,14.2,79.0,19.5,83.1,13.6,0.8,41.1,23.85,2010,0
TRACK_0065,Artista_04,Jazz,35,204,94,61.2,35.8,34.6,38.9,0.0,41.7,24.8,2.36,2011,0
TRACK_0066,Artista_02,Hip Hop,108,241,138,86.3,89.2,0.0,64.8,40.3,43.6,36.8,31.928,2019,0
TRACK_0067,Artista_06,Hip Hop,58,221,132,39.8,37.1,4.6,50.8,29.7,7.8,14.3,0.67,2015,1
TRACK_0068,Artista_42,Jazz,52,252,81,54.1,54.5,100.0,49.3,0.8,30.7,19.1,1.84,2021,0
TRACK_0069,Artista_04,Pop,79,177,122,27.0,74.6,66.2,78.5,9.1,27.6,28.0,10.29,2022,0
TRACK_0070,Artista_29,Pop,62,152,109,61.6,100.0,22.2,50.3,2.7,18.4,21.6,5.41,2015,0
TRACK_0071,Artista_18,Electrónica,75,198,115,90.1,69.3,3.1000000000000014,77.1,3.1,16.6,26.1,7.54,2021,1
TRACK_0072,Artista_26,Clásica,90,182,117,41.5,68.1,41.1,17.3,20.7,43.2,26.4,7.67,2023,0
TRACK_0073,Artista_44,Rock,58,187,116,64.4,77.1,23.2,22.2,1.2,13.9,21.4,2.73,2010,1
TRACK_0074,Artista_34,Reggaeton,73,219,124,37.1,56.9,22.6,75.8,9.2,6.6,5.7,21.94,2015,0
TRACK_0075,Artista_10,Electrónica,47,187,118,73.6,55.1,0.0,39.8,5.1,4.6,21.6,11.25,2023,0
TRACK_0076,Artista_36,Reggaeton,88,153,109,79.2,82.4,0.0,46.9,2.1,71.1,34.7,5.6160000000000005,2020,0
TRACK_0077,Artista_14,Hip Hop,84,184,169,60.2,73.5,13.399999999999999,60.2,18.0,0.4,46.6,14.88,2021,1
TRACK_0078,Artista_31,Jazz,81,225,113,56.0,55.400000000000006,27.7,10.6,28.2,44.7,7.7,8.47,2018,0
TRACK_0079,Artista_48,Electrónica,71,240,112,52.2,72.3,80.0,43.1,15.2,14.6,57.8,3.66,2017,0
TRACK_0080,Artista_15,Reggaeton,66,239,142,55.4,86.5,0.0,57.0,1.4,7.8,26.0,3.48,2019,0
TRACK_0081,Artista_08,Reggaeton,77,229,161,63.4,43.2,57.099999999999994,7.6,18.9,43.7,30.2,1.23,2014,0
TRACK_0082,Artista_14,Reggaeton,58,202,139,28.9,84.4,0.0,43.1,27.7,22.2,53.7,2.35,2022,1
TRACK_0083,Artista_23,Rock,46,228,154,44.8,70.5,11.3,26.7,3.2,100.0,28.5,3.92,2013,0
TRACK_0084,Artista_40,Rock,64,208,81,79.1,58.5,33.8,13.3,4.1,13.7,31.1,7.046,2015,1
TRACK_0085,Artista_21,Reggaeton,67,215,85,70.4,92.0,30.299999999999997,48.3,1.4,1.8,43.5,1.64,2020,0
TRACK_0086,Artista_16,Pop,83,167,126,24.1,48.0,25.1,23.9,4.2,3.0,66.0,5.15,2023,0
TRACK_0087,Artista_45,Pop,99,211,126,69.6,100.0,7.8,53.8,11.2,6.3,27.3,2.56,2021,0
TRACK_0088,Artista_18,Reggaeton,72,227,51,73.2,53.4,0.0,42.3,3.2,10.8,34.8,2.08,2014,0
TRACK_0089,Artista_47,Reggaeton,85,225,119,62.2,63.0,13.899999999999999,71.3,0.1,39.7,39.7,9.13,2022,1
TRACK_0090,Artista_24,Rock,69,152,94,75.3,30.0,9.2,13.0,4.1,16.7,29.9,7.839,2015,0
TRACK_0091,Artista_26,Hip Hop,85,214,85,27.6,78.5,2.5999999999999996,69.9,18.0,49.4,62.3,4.17,2023,0
TRACK_0092,Artista_25,Electrónica,68,145,114,73.2,50.1,13.799999999999997,60.3,8.4,12.4,33.3,9.05,2023,1
TRACK_0093,Artista_45,Pop,76,217,134,45.1,63.8,3.1,53.2,11.5,20.8,43.2,1.05,2019,1
TRACK_0094,Artista_41,Jazz,67,178,79,58.2,36.4,24.1,58.5,0.6,31.1,18.3,1.16,2020,0
TRACK_0095,Artista_29,Reggaeton,69,286,110,95.8,66.6,0.0,46.1,6.3,3.4,15.8,3.926,2012,1
TRACK_0096,Artista_15,Hip Hop,70,215,79,35.0,76.5,90.0,61.6,15.1,40.7,26.6,3.96,2016,0
TRACK_0097,Artista_45,Reggaeton,85,246,166,38.0,81.1,0.0,11.2,29.6,2.3,60.8,11.21,2017,0
TRACK_0098,Artista_01,Country,54,304,130,51.0,66.3,85.9,49.9,4.5,29.7,49.8,2.11,2014,0
TRACK_0099,Artista_25,Hip Hop,64,173,57,38.3,43.8,0.40000000000000036,31.2,13.1,17.4,43.2,2.16,2014,0
TRACK_0100,Artista_07,Hip Hop,97,229,95,27.9,80.6,32.0,70.0,12.4,39.5,8.0,16.56,2021,1
TRACK_0101,Artista_09,Hip Hop,58,156,133,73.3,81.8,0.0,46.4,15.1,25.3,25.0,12.2,2013,0
TRACK_0102,Artista_24,Pop,37,225,152,47.1,41.4,20.7,59.3,2.0,6.6,56.9,15.17,2019,0
TRACK_0103,Artista_01,Pop,75,289,141,66.0,24.0,52.2,72.3,10.5,17.1,59.0,4.53,2014,0
TRACK_0104,Artista_44,Hip Hop,74,181,111,70.9,81.4,40.8,48.4,30.8,0.3,59.9,1.76,2021,0
TRACK_0105,Artista_08,Reggaeton,80,170,86,73.8,37.9,32.4,92.9,3.7,12.9,5.1,1.2,2019,1
TRACK_0106,Artista_24,Hip Hop,63,205,141,34.4,59.7,42.1,73.8,20.6,1.8,30.5,3.58,2020,0
TRACK_0107,Artista_11,Pop,60,302,112,15.9,27.0,7.1,55.4,13.1,11.2,30.6,9.81,2017,0
TRACK_0108,Artista_17,Reggaeton,71,244,136,64.6,100.0,4.699999999999999,14.1,5.1,2.3,19.2,4.41,2014,1
TRACK_0109,Artista_08,Rock,89,169,115,37.1,77.7,24.9,61.5,0.7,72.2,62.4,13.47,2018,0
TRACK_0110,Artista_35,Reggaeton,86,275,101,76.4,79.3,51.400000000000006,47.8,2.6,14.8,11.9,16.926,2022,0
TRACK_0111,Artista_35,Electrónica,33,135,149,82.9,59.6,0.0,72.7,21.5,48.9,17.1,15.314,2021,0
TRACK_0112,Artista_33,Reggaeton,72,306,140,83.3,62.9,65.4,81.3,17.4,0.5,6.3,16.12,2022,0
TRACK_0113,Artista_05,Reggaeton,68,248,124,63.8,47.8,3.0,44.1,0.9,20.3,13.5,2.36,2010,0
TRACK_0114,Artista_42,Reggaeton,72,289,146,36.2,100.0,18.200000000000003,42.7,2.5,7.3,34.1,11.44,2016,0
TRACK_0115,Artista_39,Reggaeton,63,135,100,56.0,86.2,0.0,57.4,14.7,11.3,28.7,57.82,2014,1
TRACK_0116,Artista_41,Hip Hop,90,217,113,53.1,100.0,5.800000000000001,60.0,18.7,41.3,23.4,14.48,2013,1
TRACK_0117,Artista_28,Pop,88,203,120,32.9,66.7,37.1,64.0,14.3,78.3,19.6,2.81,2012,1
TRACK_0118,Artista_07,Reggaeton,36,164,91,61.5,68.3,6.600000000000001,49.0,2.4,5.7,19.3,2.23,2021,1
TRACK_0119,Artista_09,Reggaeton,61,151,133,40.9,74.5,65.1,56.2,30.5,59.2,24.9,5.14,2019,1
TRACK_0120,Artista_08,Hip Hop,62,232,138,31.5,66.6,30.1,32.5,27.3,23.3,57.7,11.3,2016,1
TRACK_0121,Artista_12,Reggaeton,84,236,127,59.2,36.6,9.899999999999999,49.7,2.2,60.5,42.7,5.55,2021,1
TRACK_0122,Artista_34,Jazz,65,268,104,22.2,38.9,85.3,42.3,8.2,41.5,39.1,1.19,2011,0
TRACK_0123,Artista_33,Country,54,187,134,65.0,37.3,47.9,75.8,1.2,64.8,51.5,11.13,2014,0
TRACK_0124,Artista_48,Rock,83,203,110,65.3,80.8,36.3,45.8,4.5,54.6,29.7,13.82,2011,0
TRACK_0125,Artista_23,Pop,74,147,112,66.2,76.9,8.5,68.4,10.8,2.8,7.1,1.56,2016,0
TRACK_0126,Artista_24,Reggaeton,71,279,105,42.6,90.1,0.09999999999999964,28.3,4.0,7.4,47.3,14.2,2015,1
TRACK_0127,Artista_37,Rock,69,213,119,44.7,44.0,39.5,24.0,10.7,15.6,31.1,5.18,2022,0
TRACK_0128,Artista_35,Electrónica,73,242,131,72.9,58.3,46.7,84.4,2.8,17.0,42.7,8.04,2019,1
TRACK_0129,Artista_44,Clásica,60,244,182,29.5,66.8,41.4,14.8,12.8,72.5,65.9,8.21,2016,0
TRACK_0130,Artista_40,Pop,85,275,134,88.8,59.8,7.3,45.6,4.5,28.5,5.3,8.229000000000001,2021,0
TRACK_0131,Artista_22,Pop,68,172,139,45.2,69.1,27.0,83.8,15.6,25.9,21.3,2.78,2018,0
TRACK_0132,Artista_27,Rock,53,241,107,92.5,67.2,7.1,90.0,1.5,19.4,49.3,10.621,2022,1
TRACK_0133,Artista_35,Hip Hop,72,208,65,71.3,82.8,27.6,62.0,16.5,3.0,32.6,4.74,2011,1
TRACK_0134,Artista_01,Reggaeton,49,304,153,51.0,56.3,21.4,29.4,6.2,4.7,30.8,6.66,2018,1
TRACK_0135,Artista_35,Pop,78,172,130,62.4,70.9,13.2,86.8,5.5,27.1,39.7,3.23,2016,0
TRACK_0136,Artista_37,Clásica,77,262,84,53.900000000000006,40.3,97.0,90.1,5.7,43.2,71.5,7.2,2011,0
TRACK_0137,Artista_47,Hip Hop,48,225,133,60.9,38.9,10.899999999999999,10.2,17.9,5.0,27.4,4.48,2019,0
TRACK_0138,Artista_14,Pop,83,223,83,59.1,78.1,31.1,42.7,44.9,11.1,12.9,1.35,2011,0
TRACK_0139,Artista_03,Electrónica,52,212,165,69.3,49.6,0.0,46.7,2.1,1.5,8.5,8.54,2013,1
TRACK_0140,Artista_01,Hip Hop,76,270,111,51.0,73.9,6.199999999999999,58.3,26.6,4.8,29.5,16.39,2011,0
TRACK_0141,Artista_05,Rock,77,221,99,35.7,54.3,64.5,71.2,8.0,13.2,10.4,7.34,2010,0
TRACK_0142,Artista_26,Pop,46,141,104,68.8,75.4,7.2,51.6,5.3,60.5,9.2,3.65,2015,0
TRACK_0143,Artista_14,Pop,61,264,114,77.8,79.6,14.9,35.9,10.0,4.3,16.2,9.516,2019,0
TRACK_0144,Artista_39,Pop,77,256,119,57.7,90.1,11.5,48.0,19.2,39.6,14.6,2.03,2023,0
TRACK_0145,Artista_27,Jazz,69,236,106,63.7,55.099999999999994,24.9,84.0,6.3,27.4,19.6,11.74,2020,1
TRACK_0146,Artista_09,Clásica,70,159,89,63.7,82.2,40.3,22.0,20.0,80.8,10.9,13.1,2014,0
TRACK_0147,Artista_15,Pop,82,166,125,62.6,90.4,7.9,64.9,1.0,18.3,44.6,4.35,2021,1
TRACK_0148,Artista_15,Pop,100,125,120,71.1,61.0,77.2,25.7,10.6,37.9,37.4,5.27,2012,0
TRACK_0149,Artista_26,Pop,51,230,103,50.2,63.3,40.5,48.4,4.1,40.4,29.9,1.35,2020,1
TRACK_0150,Artista_42,Pop,87,149,100,62.2,60.9,11.4,57.4,4.9,18.1,50.3,9.15,2010,0
TRACK_0151,Artista_13,Jazz,59,132,120,40.2,31.799999999999997,63.2,39.5,8.5,74.9,31.2,3.47,2018,0
TRACK_0152,Artista_32,Rock,73,267,133,86.3,11.8,5.7,72.7,6.5,27.6,65.4,0.28600000000000003,2017,0
TRACK_0153,Artista_39,Rock,96,244,121,100.0,21.1,27.4,58.8,4.8,34.9,31.5,6.812,2015,0
TRACK_0154,Artista_49,Pop,88,195,143,45.5,100.0,8.6,58.9,3.7,10.8,26.4,4.01,2015,0
TRACK_0155,Artista_32,Electrónica,75,797,90,84.6,51.2,0.0,27.5,9.6,49.1,5.1,1.7680000000000002,2021,1
TRACK_0156,Artista_04,Rock,88,101,105,66.5,18.2,69.6,81.0,7.0,44.8,43.6,14.73,2013,0
TRACK_0157,Artista_30,Hip Hop,94,251,91,89.2,85.2,0.0,37.3,15.9,3.6,16.6,3.549,2022,1
TRACK_0158,Artista_37,Pop,66,178,176,90.7,92.5,51.8,74.2,2.3,17.2,37.5,2.483,2011,0
TRACK_0159,Artista_23,Hip Hop,82,224,137,40.4,81.1,6.0,51.5,26.9,45.4,14.2,17.25,2021,0
TRACK_0160,Artista_39,Electrónica,39,98,138,82.3,52.7,0.0,61.4,16.1,31.5,13.3,9.685,2013,0
TRACK_0161,Artista_45,Pop,66,253,139,65.9,67.8,39.6,66.3,2.4,65.7,22.0,1.42,2023,0
TRACK_0162,Artista_15,Reggaeton,77,176,162,23.9,94.4,12.2,29.7,3.0,5.3,19.9,4.52,2011,0
TRACK_0163,Artista_43,Jazz,60,148,132,7.0,67.1,32.7,27.1,2.7,34.2,14.0,1.79,2022,0
TRACK_0164,Artista_29,Clásica,77,194,123,58.400000000000006,95.0,39.9,92.4,21.6,54.2,12.4,1.02,2016,1
TRACK_0165,Artista_36,Reggaeton,72,183,128,60.3,77.8,0.0,13.6,14.9,5.3,45.4,0.93,2018,0
TRACK_0166,Artista_13,Reggaeton,78,258,122,39.7,55.5,70.1,35.5,0.8,10.0,18.7,10.43,2022,1
TRACK_0167,Artista_32,Clásica,58,191,75,55.099999999999994,58.3,50.4,27.4,17.9,55.4,64.9,1.77,2011,0
TRACK_0168,Artista_07,Reggaeton,58,271,147,50.7,91.9,0.0,37.5,0.4,4.2,41.6,1.41,2018,0
TRACK_0169,Artista_22,Pop,100,224,116,44.0,100.0,60.9,70.4,2.9,5.9,16.1,3.5,2018,0
TRACK_0170,Artista_28,Clásica,65,250,89,84.1,86.0,39.8,83.7,25.1,42.7,23.8,129.922,2017,0
TRACK_0171,Artista_02,Pop,87,209,108,28.3,88.5,6.8,90.5,20.0,25.0,40.9,8.04,2010,1
TRACK_0172,Artista_42,Reggaeton,94,267,171,59.3,80.5,0.0,56.7,15.2,9.0,7.9,12.29,2014,1
TRACK_0173,Artista_45,Pop,77,158,143,47.2,60.6,24.9,53.1,6.1,5.0,19.0,1.47,2023,0
TRACK_0174,Artista_06,Pop,57,215,165,28.9,26.2,2.3,14.9,3.9,14.2,21.9,7.67,2019,1
TRACK_0175,Artista_28,Rock,75,192,133,41.2,73.0,24.7,36.2,21.3,11.4,15.2,4.57,2022,0
TRACK_0176,Artista_28,Hip Hop,93,272,121,55.9,83.3,57.8,39.2,22.7,51.4,6.0,1.97,2022,1
TRACK_0177,Artista_44,Rock,76,277,119,27.6,79.6,11.3,16.5,3.5,17.0,54.7,3.54,2020,0
TRACK_0178,Artista_44,Pop,51,210,94,48.8,68.1,12.1,21.6,6.2,43.5,28.9,2.12,2013,0
TRACK_0179,Artista_20,Pop,86,151,88,22.0,100.0,15.1,38.7,21.3,13.8,15.3,5.38,2016,1
TRACK_0180,Artista_30,Reggaeton,89,229,147,72.4,80.3,11.5,73.2,23.4,38.0,18.3,3.54,2022,0
TRACK_0181,Artista_11,Country,67,135,96,17.0,71.2,90.5,70.4,10.8,5.7,52.7,2.13,2020,0
TRACK_0182,Artista_28,Reggaeton,87,283,140,18.5,78.2,0.09999999999999964,70.3,13.2,3.9,27.2,3.41,2023,0
TRACK_0183,Artista_25,Reggaeton,76,188,162,25.0,100.0,0.0,43.1,0.4,37.9,30.4,12.98,2017,1
TRACK_0184,Artista_39,Jazz,67,208,88,85.4,57.0,32.8,50.6,9.3,29.8,30.6,1.4949999999999999,2023,0
TRACK_0185,Artista_33,Reggaeton,45,179,185,44.2,42.8,0.0,95.0,11.7,27.4,19.6,2.37,2019,0
TRACK_0186,Artista_01,Pop,94,169,95,75.9,85.2,31.6,99.8,0.2,8.4,27.6,8.788,2020,1
TRACK_0187,Artista_27,Rock,81,243,144,91.5,62.900000000000006,5.9,54.9,18.6,37.6,10.6,2.873,2022,1
TRACK_0188,Artista_13,Rock,73,202,130,81.8,64.8,15.4,20.1,26.4,57.6,11.8,26.611,2017,0
TRACK_0189,Artista_41,Rock,96,211,149,62.4,81.3,28.6,71.9,2.7,89.9,37.1,17.96,2011,0
TRACK_0190,Artista_03,Reggaeton,87,164,107,77.8,99.1,0.0,52.2,18.7,8.9,60.0,24.882,2012,0
TRACK_0191,Artista_39,Hip Hop,88,248,177,41.3,95.6,14.0,26.1,23.0,9.2,19.5,9.85,2022,0
TRACK_0192,Artista_06,Rock,31,253,115,81.8,40.7,8.7,84.1,8.7,89.7,24.7,18.811,2019,0
TRACK_0193,Artista_08,Reggaeton,82,200,151,86.4,62.3,70.8,71.8,18.5,39.5,18.7,5.993,2019,0
TRACK_0194,Artista_27,Electrónica,66,267,176,45.8,61.4,0.0,25.1,3.4,0.9,19.2,2.27,2016,0
TRACK_0195,Artista_09,Rock,69,205,104,56.4,32.0,81.9,47.1,15.6,27.0,53.4,2.44,2013,1
TRACK_0196,Artista_37,Jazz,69,245,125,29.8,49.7,31.8,73.6,3.8,29.0,46.7,0.7,2015,0
TRACK_0197,Artista_33,Reggaeton,84,136,115,89.1,100.0,30.700000000000003,49.0,15.5,100.0,37.5,3.8350000000000004,2017,0
TRACK_0198,Artista_42,Rock,89,225,154,96.2,75.7,13.5,10.0,6.0,13.0,15.8,4.1080000000000005,2017,0
TRACK_0199,Artista_44,Hip Hop,74,197,100,60.2,47.3,23.200000000000003,35.8,13.2,16.4,37.7,3.65,2016,0
TRACK_0200,Artista_24,Reggaeton,77,216,135,56.4,68.6,0.0,16.1,4.8,21.9,25.5,92.47,2022,0
TRACK_0201,Artista_15,Reggaeton,73,214,142,58.8,59.6,6.300000000000001,62.6,2.7,55.3,13.9,1.88,2021,0
TRACK_0202,Artista_32,Reggaeton,22,215,154,74.3,93.7,18.6,58.9,1.1,37.6,28.6,3.44,2011,1
TRACK_0203,Artista_32,Reggaeton,60,237,184,47.0,63.5,11.7,65.3,1.2,5.6,37.3,59.47,2011,0
TRACK_0204,Artista_24,Hip Hop,58,184,108,33.3,80.5,15.8,77.4,27.1,17.0,44.2,1.96,2012,0
TRACK_0205,Artista_41,Pop,88,235,148,48.9,63.0,2.0,53.1,21.3,61.4,39.7,1.3,2013,0
TRACK_0206,Artista_49,Rock,74,265,169,18.4,41.4,13.6,85.7,26.2,36.6,46.6,3.56,2010,0
TRACK_0207,Artista_49,Pop,71,146,124,58.9,88.7,25.4,56.4,19.2,23.3,15.5,1.96,2014,0
TRACK_0208,Artista_12,Hip Hop,72,174,106,39.8,100.0,0.0,40.3,29.7,28.1,22.7,16.62,2023,0
TRACK_0209,Artista_39,Rock,59,176,76,73.4,36.3,13.7,21.0,0.7,17.8,57.6,5.37,2016,0
TRACK_0210,Artista_02,Jazz,63,160,152,81.7,60.599999999999994,27.8,39.5,15.6,51.1,2.9,1.573,2021,1
TRACK_0211,Artista_03,Reggaeton,51,188,128,19.6,100.0,0.0,60.9,15.3,5.3,25.0,6.57,2019,0
TRACK_0212,Artista_49,Hip Hop,48,256,94,60.7,90.2,13.0,77.8,13.4,11.2,27.1,5.66,2020,0
TRACK_0213,Artista_37,Country,65,275,86,20.4,60.2,41.2,68.7,10.8,44.1,42.1,0.86,2014,0
TRACK_0214,Artista_49,Jazz,86,214,79,56.0,21.1,91.9,28.6,6.0,25.4,32.2,7.65,2023,1
TRACK_0215,Artista_17,Jazz,56,195,127,55.6,27.799999999999997,34.6,64.3,23.0,35.7,7.8,8.16,2016,0
TRACK_0216,Artista_49,Reggaeton,77,246,161,87.3,89.4,63.3,36.8,11.9,6.2,45.5,1.157,2014,1
TRACK_0217,Artista_02,Reggaeton,84,103,151,67.8,89.5,16.7,46.0,30.2,4.4,66.1,1.05,2020,0
TRACK_0218,Artista_02,Rock,50,162,123,60.7,0.0,78.1,25.5,1.1,46.5,25.1,2.94,2019,1
TRACK_0219,Artista_28,Pop,77,105,88,58.8,100.0,53.8,56.8,0.4,23.8,38.4,2.12,2017,0
TRACK_0220,Artista_23,Reggaeton,63,162,116,80.4,82.2,19.9,50.2,36.3,2.4,35.2,11.921000000000001,2016,0
TRACK_0221,Artista_37,Reggaeton,102,175,107,70.4,77.5,0.0,18.5,0.8,13.6,19.9,2.67,2023,1
TRACK_0222,Artista_32,Rock,88,276,134,80.4,54.2,13.3,93.7,4.9,22.6,10.8,4.719,2010,0
TRACK_0223,Artista_33,Reggaeton,50,85,108,69.3,63.5,0.0,53.2,10.5,3.1,13.4,1.26,2020,1
TRACK_0224,Artista_01,Jazz,70,191,87,13.5,37.3,100.0,35.1,21.2,57.2,15.5,13.99,2010,1
TRACK_0225,Artista_19,Reggaeton,94,237,130,75.0,77.1,80.5,56.2,2.9,9.1,14.7,1.8,2021,0
TRACK_0226,Artista_02,Hip Hop,85,228,78,39.8,72.3,28.700000000000003,58.3,12.3,28.7,42.7,1.3,2014,0
TRACK_0227,Artista_44,Hip Hop,79,275,121,70.9,77.9,54.599999999999994,73.6,19.4,4.3,1.2,4.77,2023,0
TRACK_0228,Artista_26,Country,92,217,117,47.3,85.0,90.4,65.3,6.4,7.6,45.8,16.25,2011,0
TRACK_0229,Artista_32,Electrónica,59,226,169,54.7,100.0,1.5,47.8,3.7,2.0,34.1,7.72,2018,1
TRACK_0230,Artista_06,Hip Hop,60,127,99,47.3,47.9,19.8,23.4,32.7,3.1,33.1,2.28,2011,1
TRACK_0231,Artista_32,Country,56,165,87,35.0,55.4,31.3,36.9,13.8,42.9,7.6,2.76,2021,0
TRACK_0232,Artista_04,Clásica,76,129,90,27.799999999999997,41.8,46.3,49.1,19.5,42.3,11.7,0.89,2018,1
TRACK_0233,Artista_11,Pop,69,235,92,16.9,84.7,1.2,32.2,1.8,2.0,28.0,45.14,2019,1
TRACK_0234,Artista_17,Reggaeton,70,225,135,98.4,100.0,2.1000000000000014,22.0,11.8,56.4,24.7,37.505,2011,0
TRACK_0235,Artista_38,Rock,74,224,73,79.7,7.699999999999999,38.6,19.3,36.9,30.8,14.0,8.229000000000001,2013,0
TRACK_0236,Artista_24,Pop,88,170,104,86.8,100.0,16.4,51.8,9.5,2.1,16.5,5.746,2012,0
TRACK_0237,Artista_05,Electrónica,59,166,116,87.0,83.6,41.8,78.4,1.9,71.3,15.7,1.508,2015,1
TRACK_0238,Artista_34,Hip Hop,88,219,134,3.3,96.6,2.0999999999999996,65.3,66.7,3.2,11.4,3.76,2013,0
TRACK_0239,Artista_06,Jazz,71,179,84,58.8,43.1,24.3,85.3,7.5,54.1,30.3,13.06,2018,1
TRACK_0240,Artista_22,Pop,61,164,76,56.8,77.1,50.1,97.2,18.3,0.7,7.8,10.75,2018,1
TRACK_0241,Artista_11,Jazz,50,187,99,19.5,59.5,53.6,32.1,1.6,44.6,34.8,2.61,2022,0
TRACK_0242,Artista_48,Electrónica,72,180,147,79.0,78.8,0.0,33.2,11.0,15.8,41.9,15.236,2019,0
TRACK_0243,Artista_16,Hip Hop,90,170,113,45.3,78.7,13.100000000000001,45.7,36.4,4.7,45.7,17.97,2023,0
TRACK_0244,Artista_33,Clásica,78,154,84,48.5,64.5,45.4,33.3,7.6,60.6,31.3,4.67,2018,0
TRACK_0245,Artista_09,Electrónica,78,230,123,43.7,97.2,63.8,67.7,3.4,19.2,12.8,14.56,2012,0
TRACK_0246,Artista_06,Rock,65,280,122,69.4,61.7,33.0,60.2,1.4,42.0,43.2,32.47,2012,1
TRACK_0247,Artista_16,Jazz,72,208,82,76.9,34.7,25.2,27.6,3.5,66.7,66.9,58.019000000000005,2013,0
TRACK_0248,Artista_29,Rock,52,220,111,57.9,58.7,25.9,21.8,4.4,24.3,6.2,2.18,2018,1
TRACK_0249,Artista_03,Pop,100,234,138,60.4,33.6,59.5,64.2,12.4,13.5,67.8,7.63,2023,0
TRACK_0250,Artista_20,Jazz,90,226,72,34.7,29.4,53.4,36.1,2.0,44.4,13.9,10.42,2015,0
TRACK_0251,Artista_36,Rock,79,171,118,83.8,87.4,60.4,65.3,1.1,36.1,13.4,5.694,2018,1
TRACK_0252,Artista_19,Hip Hop,75,287,75,14.9,94.7,0.0,83.4,16.9,8.8,31.5,19.93,2017,0
TRACK_0253,Artista_26,Rock,58,175,125,54.2,62.5,70.8,81.9,6.1,24.0,27.1,4.79,2016,0
TRACK_0254,Artista_03,Jazz,77,239,80,71.7,56.900000000000006,62.3,59.9,9.9,42.6,2.5,3.73,2022,0
TRACK_0255,Artista_19,Pop,67,233,145,65.9,94.0,39.2,68.6,12.3,89.1,4.4,0.93,2014,1
TRACK_0256,Artista_20,Country,44,121,83,14.7,77.3,27.8,66.0,22.0,17.7,15.6,0.59,2022,0
TRACK_0257,Artista_32,Hip Hop,24,895,131,76.9,40.9,55.599999999999994,69.4,15.4,5.1,25.3,3.822,2018,0
TRACK_0258,Artista_07,Pop,58,212,150,55.7,39.8,30.5,78.3,7.5,17.7,46.6,0.14,2013,1
TRACK_0259,Artista_41,Reggaeton,80,215,109,53.3,94.2,42.3,33.7,4.6,34.2,13.5,19.95,2023,0
TRACK_0260,Artista_33,Country,69,223,98,46.6,62.599999999999994,28.4,42.7,0.0,39.0,46.2,13.02,2013,0
TRACK_0261,Artista_40,Reggaeton,65,244,111,37.6,78.5,0.0,33.3,8.7,32.2,47.3,10.26,2017,0
TRACK_0262,Artista_39,Pop,80,209,107,64.6,79.4,12.1,74.9,16.9,43.8,21.3,17.04,2013,0
TRACK_0263,Artista_18,Reggaeton,68,225,147,100.0,100.0,3.1999999999999993,66.2,0.4,8.2,30.6,4.186000000000001,2016,0
TRACK_0264,Artista_40,Reggaeton,58,207,120,61.9,100.0,7.899999999999999,58.3,0.0,14.2,28.2,5.84,2013,0
TRACK_0265,Artista_01,Hip Hop,64,164,91,59.6,40.1,11.5,51.2,25.0,30.2,28.2,2.87,2020,1
TRACK_0266,Artista_11,Electrónica,85,211,89,30.1,74.5,3.6999999999999993,42.8,11.5,6.1,20.2,16.96,2010,1
TRACK_0267,Artista_28,Reggaeton,58,243,175,33.2,70.7,40.3,38.8,5.2,9.3,11.0,0.21,2019,0
TRACK_0268,Artista_25,Pop,55,259,162,36.4,66.3,5.6,90.7,10.8,35.6,36.4,16.96,2018,0
TRACK_0269,Artista_50,Electrónica,56,234,154,100.0,73.0,0.0,34.6,30.7,29.4,46.2,0.65,2013,1
TRACK_0270,Artista_23,Reggaeton,43,270,114,79.9,84.9,50.8,62.0,2.8,70.9,30.2,4.55,2012,0
TRACK_0271,Artista_31,Pop,62,228,138,41.2,53.1,24.7,55.7,2.8,100.0,35.1,1.27,2012,0
TRACK_0272,Artista_30,Clásica,75,248,123,43.3,62.7,56.3,51.1,2.1,45.5,43.9,3.81,2018,0
TRACK_0273,Artista_42,Electrónica,75,252,133,100.0,80.4,0.0,61.3,12.9,46.1,17.7,3.003,2017,0
TRACK_0274,Artista_35,Electrónica,70,199,141,84.1,96.4,3.8999999999999986,31.5,4.4,2.0,45.3,3.666,2019,0
TRACK_0275,Artista_07,Jazz,74,242,135,30.6,76.2,26.6,78.1,44.8,49.7,6.1,8.64,2016,0
TRACK_0276,Artista_16,Reggaeton,65,167,93,75.2,80.4,8.7,22.1,12.5,5.0,35.6,7.631,2016,0
TRACK_0277,Artista_26,Hip Hop,43,225,144,72.1,91.1,90.0,47.4,16.6,7.1,34.5,14.87,2013,1
TRACK_0278,Artista_48,Reggaeton,76,235,127,46.0,46.8,10.0,69.2,1.6,58.5,13.4,7.4,2012,0
TRACK_0279,Artista_49,Pop,91,257,92,57.5,63.0,1.4,61.3,9.0,6.1,58.3,0.67,2021,0
TRACK_0280,Artista_02,Reggaeton,62,246,109,62.5,80.5,32.8,43.5,3.5,22.4,17.1,75.33,2013,0
TRACK_0281,Artista_01,Reggaeton,62,257,113,73.5,60.3,0.09999999999999964,30.6,23.6,3.9,48.1,0.41,2015,0
TRACK_0282,Artista_48,Hip Hop,74,205,89,24.1,72.0,0.0,58.1,17.8,2.0,29.0,6.54,2021,0
TRACK_0283,Artista_12,Pop,88,194,164,11.9,100.0,59.5,30.1,3.5,8.3,8.1,10.84,2022,0
TRACK_0284,Artista_05,Pop,100,197,132,4.2,64.3,6.6,22.2,8.9,19.6,46.2,6.37,2023,0
TRACK_0285,Artista_37,Rock,82,221,146,81.1,42.6,81.1,95.2,1.5,15.7,23.1,4.5889999999999995,2013,1
TRACK_0286,Artista_32,Rock,67,128,134,71.6,70.8,22.5,57.9,8.2,17.1,17.1,266.8,2013,0
TRACK_0287,Artista_09,Hip Hop,81,269,121,50.9,73.3,30.700000000000003,53.4,12.6,24.7,44.7,17.25,2011,0
TRACK_0288,Artista_41,Rock,88,211,121,31.9,36.8,28.8,88.4,9.3,12.2,19.0,4.37,2023,0
TRACK_0289,Artista_35,Electrónica,79,191,130,72.7,100.0,0.0,53.7,7.6,11.8,23.6,2.61,2016,1
TRACK_0290,Artista_19,Reggaeton,72,96,127,71.6,89.4,18.4,60.9,7.4,56.9,28.3,1.68,2015,1
TRACK_0291,Artista_48,Reggaeton,79,208,99,58.9,86.5,80.0,19.2,11.5,10.1,27.3,1.85,2011,0
TRACK_0292,Artista_16,Jazz,54,201,132,26.8,0.0,64.0,30.7,0.5,36.4,41.5,4.17,2014,0
TRACK_0293,Artista_03,Reggaeton,64,169,89,37.2,91.8,12.8,37.9,6.2,26.8,9.5,0.61,2015,0
TRACK_0294,Artista_20,Hip Hop,49,179,93,59.6,34.7,90.0,36.2,17.9,30.2,25.8,4.45,2014,0
TRACK_0295,Artista_24,Reggaeton,69,208,185,99.4,68.9,0.0,19.0,6.2,29.4,12.6,15.275,2013,1
TRACK_0296,Artista_33,Rock,63,183,123,38.8,30.799999999999997,6.9,58.7,39.1,100.0,17.3,2.28,2020,1
TRACK_0297,Artista_24,Country,60,235,124,89.9,82.0,16.0,38.3,1.5,1.5,40.7,5.668000000000001,2020,0
TRACK_0298,Artista_11,Pop,67,176,135,25.9,34.7,37.2,25.1,11.7,80.6,35.8,6.48,2018,0
TRACK_0299,Artista_49,Pop,85,216,81,71.0,71.2,53.2,40.6,5.1,60.0,11.2,8.02,2012,0
TRACK_0300,Artista_08,Hip Hop,93,263,85,9.1,48.4,20.2,79.3,19.2,38.2,10.8,3.52,2020,0
TRACK_0301,Artista_36,Pop,85,208,108,27.8,57.5,70.6,69.0,14.4,12.1,42.9,37.07,2011,0
TRACK_0302,Artista_38,Jazz,30,226,82,48.6,26.700000000000003,55.9,44.4,1.7,65.9,29.5,4.5,2018,0
TRACK_0303,Artista_40,Reggaeton,76,223,133,91.2,96.5,0.0,29.7,14.4,5.0,56.8,1.183,2017,1
TRACK_0304,Artista_20,Clásica,94,210,112,70.3,90.6,36.0,89.2,0.7,71.4,38.4,2.82,2018,0
TRACK_0305,Artista_35,Hip Hop,44,206,154,66.7,59.8,67.6,50.6,18.6,4.1,36.7,21.28,2019,1
TRACK_0306,Artista_48,Electrónica,73,184,160,96.6,63.1,0.0,39.4,13.6,33.8,19.1,25.181,2020,1
TRACK_0307,Artista_25,Clásica,69,216,75,32.4,73.5,53.5,53.7,2.1,59.1,29.3,0.57,2012,1
TRACK_0308,Artista_35,Rock,82,197,110,70.2,39.8,16.3,48.2,14.7,12.1,28.3,3.14,2010,0
TRACK_0309,Artista_25,Country,79,279,103,56.9,73.1,24.5,72.5,1.8,45.1,29.9,2.38,2020,0
TRACK_0310,Artista_29,Pop,64,246,94,19.5,74.5,31.1,52.4,16.1,17.3,24.5,11.41,2010,0
TRACK_0311,Artista_18,Reggaeton,61,144,103,77.9,53.8,0.0,62.1,6.3,21.4,27.2,1.482,2012,1
TRACK_0312,Artista_46,Rock,62,147,161,55.2,52.2,79.4,85.7,11.5,16.7,16.8,29.14,2013,1
TRACK_0313,Artista_18,Reggaeton,63,204,135,37.2,52.4,0.5999999999999996,75.8,24.9,41.1,21.3,0.77,2011,0
TRACK_0314,Artista_02,Pop,86,192,114,42.8,54.3,33.9,44.7,5.2,15.8,15.3,3.79,2017,0
TRACK_0315,Artista_35,Jazz,57,201,117,69.0,33.1,59.0,23.7,2.7,35.9,25.2,1.06,2023,0
TRACK_0316,Artista_16,Jazz,93,239,118,54.5,77.3,54.5,13.7,20.2,40.3,36.7,9.86,2022,0
TRACK_0317,Artista_41,Country,65,224,147,38.6,41.3,85.1,61.1,1.8,24.3,58.4,0.38,2021,1
TRACK_0318,Artista_36,Pop,81,223,101,19.5,96.6,7.9,58.7,10.0,23.8,7.5,3.65,2012,1
TRACK_0319,Artista_33,Electrónica,79,275,150,83.0,100.0,0.0,47.3,25.7,8.9,14.6,4.628,2022,1
TRACK_0320,Artista_04,Reggaeton,77,147,112,69.8,75.2,0.0,78.7,11.2,9.7,20.5,1.53,2023,0
TRACK_0321,Artista_33,Rock,64,214,115,53.2,62.0,68.1,40.8,2.2,26.5,52.1,19.34,2013,0
TRACK_0322,Artista_14,Rock,86,183,121,39.2,50.6,100.0,33.8,1.7,61.6,21.5,34.62,2015,0
TRACK_0323,Artista_21,Reggaeton,85,274,138,65.6,77.9,0.0,85.2,2.9,27.4,12.9,2.76,2019,1
TRACK_0324,Artista_48,Hip Hop,64,110,122,30.1,62.2,25.5,84.0,17.0,9.9,39.3,5.23,2022,1
TRACK_0325,Artista_20,Reggaeton,96,112,155,95.6,74.7,0.0,47.7,1.7,8.2,37.6,2.7820000000000005,2015,0
TRACK_0326,Artista_08,Reggaeton,74,223,120,18.9,51.0,0.0,54.3,16.0,14.8,46.6,0.98,2022,0
TRACK_0327,Artista_07,Pop,83,260,124,33.9,80.8,35.1,47.1,4.4,40.8,58.1,1.17,2011,0
TRACK_0328,Artista_03,Pop,57,244,101,32.2,66.9,2.0,100.0,27.5,0.2,6.8,1.21,2015,1
TRACK_0329,Artista_17,Pop,70,173,193,61.2,71.1,19.0,14.9,18.5,24.8,31.3,20.06,2013,0
TRACK_0330,Artista_33,Country,54,277,97,31.0,38.4,47.6,65.3,23.9,7.0,42.2,7.51,2014,0
TRACK_0331,Artista_48,Pop,79,154,102,66.0,83.1,43.6,39.7,3.5,4.7,31.9,1.43,2016,0
TRACK_0332,Artista_12,Pop,87,268,142,93.2,94.6,18.1,71.4,8.5,0.2,14.7,2.067,2016,1
TRACK_0333,Artista_22,Rock,70,160,109,61.6,15.7,34.9,21.0,3.9,55.4,12.0,1.35,2015,0
TRACK_0334,Artista_22,Hip Hop,96,194,142,39.1,90.4,13.3,37.3,15.0,48.7,23.5,0.47,2019,0
TRACK_0335,Artista_46,Country,51,238,123,67.8,31.799999999999997,16.6,53.3,9.3,1.3,43.9,8.36,2015,0
TRACK_0336,Artista_30,Hip Hop,66,144,109,48.4,50.8,30.700000000000003,77.9,29.0,14.8,50.4,3.85,2015,0
TRACK_0337,Artista_38,Electrónica,53,276,121,65.8,88.8,0.0,50.4,1.0,3.3,45.5,34.87,2013,1
TRACK_0338,Artista_38,Reggaeton,59,193,115,91.2,97.6,0.0,79.2,3.2,28.4,4.8,0.481,2012,1
TRACK_0339,Artista_45,Pop,96,216,110,70.9,91.4,18.0,62.2,2.3,21.9,23.1,12.4,2010,0
TRACK_0340,Artista_08,Country,58,262,115,57.2,55.7,75.2,66.4,16.0,7.1,36.5,13.8,2012,0
TRACK_0341,Artista_27,Hip Hop,60,174,99,42.5,78.5,0.0,74.0,39.1,2.5,29.2,16.15,2012,0
TRACK_0342,Artista_27,Electrónica,41,257,137,84.1,94.3,0.0,48.6,0.8,35.6,39.6,7.826,2018,1
TRACK_0343,Artista_34,Hip Hop,57,283,92,17.7,63.2,0.0,51.4,16.8,22.4,19.0,13.56,2023,0
TRACK_0344,Artista_21,Hip Hop,69,180,138,4.6,96.8,3.5999999999999996,59.4,36.6,0.1,11.9,6.47,2012,1
TRACK_0345,Artista_30,Electrónica,52,271,163,77.2,88.0,6.0,69.7,4.2,19.8,53.4,2.379,2017,0
TRACK_0346,Artista_33,Country,61,130,102,40.8,69.6,21.4,65.9,12.5,33.2,13.3,2.77,2017,0
TRACK_0347,Artista_28,Clásica,92,227,80,72.7,78.8,78.6,5.9,1.1,57.9,18.1,2.68,2012,0
TRACK_0348,Artista_47,Electrónica,62,154,144,98.1,92.4,22.0,23.8,5.9,11.1,25.4,23.543,2019,0
TRACK_0349,Artista_33,Electrónica,50,252,171,43.9,67.0,15.700000000000003,61.4,7.0,17.5,8.8,20.81,2019,0
TRACK_0350,Artista_05,Pop,58,248,157,71.4,69.3,20.1,58.3,14.2,19.3,34.4,11.91,2021,0
TRACK_0351,Artista_48,Electrónica,60,303,104,42.7,99.0,0.0,59.6,3.4,20.4,10.0,4.82,2022,0
TRACK_0352,Artista_19,Pop,78,273,145,12.5,65.2,14.1,30.4,3.1,68.3,82.7,0.38,2015,1
TRACK_0353,Artista_04,Reggaeton,78,202,133,70.6,100.0,6.0,80.1,3.6,3.9,15.8,12.04,2021,0
TRACK_0354,Artista_35,Country,79,161,118,77.9,68.5,17.4,44.5,8.1,19.5,33.0,14.885,2017,0
TRACK_0355,Artista_49,Reggaeton,95,235,147,58.8,49.4,19.4,6.7,20.9,4.2,29.7,6.31,2017,1
TRACK_0356,Artista_17,Reggaeton,45,207,122,82.1,87.5,0.0,89.2,17.8,4.7,44.7,10.361,2019,1
TRACK_0357,Artista_44,Rock,70,279,147,44.0,67.5,12.6,63.8,0.6,32.1,20.4,1.69,2019,0
TRACK_0358,Artista_28,Pop,53,112,155,49.9,52.0,9.8,29.6,21.1,49.5,31.3,2.97,2018,1
TRACK_0359,Artista_30,Hip Hop,76,308,156,73.3,57.1,0.0,83.0,13.0,3.5,10.8,1.67,2018,0
TRACK_0360,Artista_29,Pop,73,233,73,51.5,70.8,69.6,73.5,5.4,65.6,6.8,3.72,2017,1
TRACK_0361,Artista_46,Pop,70,173,114,85.9,59.3,5.6,37.5,14.5,7.7,39.3,16.692,2016,0
TRACK_0362,Artista_06,Reggaeton,53,243,86,67.8,76.6,49.3,88.8,0.9,9.9,36.6,7.59,2019,1
TRACK_0363,Artista_35,Hip Hop,58,268,100,70.6,61.0,15.5,52.7,12.4,3.3,48.6,1.28,2012,0
TRACK_0364,Artista_41,Hip Hop,74,215,60,31.6,74.2,50.6,46.1,16.0,19.1,44.6,40.39,2016,0
TRACK_0365,Artista_37,Pop,90,130,131,67.5,66.5,19.3,93.1,13.1,18.1,5.6,5.52,2013,0
TRACK_0366,Artista_24,Reggaeton,53,196,140,34.0,69.7,63.8,16.5,7.4,11.7,17.9,2.0,2011,0
TRACK_0367,Artista_29,Reggaeton,69,256,124,24.5,78.8,0.0,15.1,5.4,12.9,19.0,3.12,2023,0
TRACK_0368,Artista_49,Electrónica,87,232,120,100.0,70.6,4.300000000000001,91.6,16.8,19.5,45.3,2.9899999999999998,2017,0
TRACK_0369,Artista_46,Electrónica,60,202,147,64.5,70.4,0.0,36.8,14.6,17.5,27.1,5.88,2011,0
TRACK_0370,Artista_31,Rock,90,268,94,76.4,72.5,22.8,85.3,15.4,19.4,36.2,1.1960000000000002,2010,0
TRACK_0371,Artista_35,Reggaeton,77,243,108,44.3,85.2,10.3,39.3,6.2,43.1,23.7,6.38,2021,0
TRACK_0372,Artista_33,Reggaeton,74,246,104,90.7,56.9,12.899999999999999,23.8,0.2,22.0,60.3,15.964,2021,0
TRACK_0373,Artista_21,Jazz,78,191,99,87.2,70.1,33.6,20.1,1.9,29.6,42.3,12.857000000000001,2014,0
TRACK_0374,Artista_32,Reggaeton,55,187,120,73.3,61.8,0.0,10.3,13.5,7.7,15.9,6.16,2019,0
TRACK_0375,Artista_23,Reggaeton,75,133,125,51.0,64.5,17.0,39.1,14.0,31.0,21.3,8.94,2022,0
TRACK_0376,Artista_33,Reggaeton,61,198,148,65.8,71.9,5.100000000000001,23.4,35.9,2.2,30.6,7.18,2018,0
TRACK_0377,Artista_03,Reggaeton,65,252,159,68.2,72.6,0.0,29.8,2.1,27.7,49.2,15.74,2014,1
TRACK_0378,Artista_18,Hip Hop,81,200,156,59.6,72.9,72.4,38.1,13.3,8.9,28.0,3.36,2020,0
TRACK_0379,Artista_25,Reggaeton,77,230,136,77.0,79.8,78.5,26.4,1.5,16.0,20.0,1.9500000000000002,2011,0
TRACK_0380,Artista_42,Electrónica,95,260,148,39.4,82.9,38.3,83.9,2.0,6.6,21.0,6.95,2019,0
TRACK_0381,Artista_31,Hip Hop,46,226,124,61.4,43.3,45.7,28.7,19.5,86.0,33.4,16.45,2013,0
TRACK_0382,Artista_03,Reggaeton,57,231,93,100.0,100.0,0.0,91.9,37.0,47.3,69.5,3.6399999999999997,2017,0
TRACK_0383,Artista_40,Reggaeton,69,148,125,83.2,59.3,85.0,95.6,8.9,52.7,31.5,39.624,2016,1
TRACK_0384,Artista_46,Jazz,83,195,95,22.9,76.8,35.3,56.4,7.4,29.1,41.3,7.08,2014,1
TRACK_0385,Artista_24,Reggaeton,48,287,122,54.3,41.4,0.0,46.0,11.2,36.9,20.7,13.65,2013,0
TRACK_0386,Artista_50,Reggaeton,65,214,133,47.2,95.1,35.2,71.8,0.8,15.3,7.6,1.11,2023,0
TRACK_0387,Artista_32,Country,67,295,114,43.5,56.7,22.7,21.2,16.9,24.6,40.1,11.58,2014,0
TRACK_0388,Artista_47,Pop,79,177,95,37.1,95.7,22.4,82.3,10.4,4.9,35.5,7.86,2016,0
TRACK_0389,Artista_22,Pop,45,220,116,55.6,43.7,4.1,47.1,1.9,24.9,26.8,56.51,2014,1
TRACK_0390,Artista_23,Rock,67,192,104,76.7,14.7,24.3,9.4,10.0,59.1,71.5,10.816,2017,1
TRACK_0391,Artista_02,Clásica,64,236,34,0.0,76.0,54.5,76.5,9.1,46.2,7.5,9.82,2016,0
TRACK_0392,Artista_27,Pop,102,250,85,11.8,81.6,17.7,41.6,0.7,5.3,25.3,1.68,2016,0
TRACK_0393,Artista_42,Pop,81,237,122,51.9,79.0,2.2,43.1,3.1,2.2,22.4,6.56,2018,0
TRACK_0394,Artista_02,Pop,84,256,147,32.1,84.2,19.9,44.1,5.0,6.2,25.9,17.72,2017,0
TRACK_0395,Artista_26,Pop,89,209,59,26.4,90.3,19.0,85.0,2.8,15.3,17.5,2.96,2022,1
TRACK_0396,Artista_17,Pop,64,201,98,84.8,95.0,9.1,50.6,2.8,35.8,21.1,2.483,2021,0
TRACK_0397,Artista_40,Reggaeton,102,130,145,57.2,93.0,61.400000000000006,24.7,8.5,6.5,45.1,49.93,2017,0
TRACK_0398,Artista_33,Reggaeton,48,238,156,81.1,100.0,1.1999999999999993,33.0,6.4,19.4,11.9,4.173,2015,1
TRACK_0399,Artista_09,Rock,76,217,109,81.7,46.0,64.9,75.4,11.0,23.1,31.4,17.264,2016,0
TRACK_0400,Artista_43,Rock,74,206,102,69.0,68.6,8.5,76.7,31.3,16.8,56.9,2.53,2017,0
TRACK_0401,Artista_48,Pop,75,201,150,64.8,89.7,11.5,77.5,10.8,14.3,23.4,2.65,2022,0
TRACK_0402,Artista_39,Rock,74,208,139,31.2,53.7,10.8,32.0,8.7,13.7,6.8,3.87,2014,0
TRACK_0403,Artista_29,Reggaeton,68,199,156,41.3,99.2,0.6999999999999993,2.8,18.8,20.4,22.3,8.91,2019,0
TRACK_0404,Artista_42,Hip Hop,54,186,108,32.0,54.4,0.0,41.1,22.0,2.5,21.2,18.21,2011,0
TRACK_0405,Artista_26,Pop,82,220,147,10.5,50.5,17.5,15.7,1.8,26.3,47.7,2.29,2023,1
TRACK_0406,Artista_35,Reggaeton,49,231,86,55.1,47.9,0.0,66.3,3.8,3.9,13.1,17.2,2016,0
TRACK_0407,Artista_50,Rock,69,175,148,62.0,84.3,12.6,85.8,13.2,100.0,3.9,5.29,2019,0
TRACK_0408,Artista_25,Jazz,56,191,103,35.8,13.5,50.8,49.6,13.4,59.7,15.6,3.63,2012,1
TRACK_0409,Artista_24,Hip Hop,67,200,123,83.9,100.0,80.4,51.3,55.4,8.4,31.1,11.401,2019,0
TRACK_0410,Artista_13,Reggaeton,79,210,111,51.0,100.0,0.0,52.5,9.9,11.1,12.9,24.9,2020,1
TRACK_0411,Artista_07,Rock,56,204,74,26.7,56.599999999999994,42.3,25.0,23.0,16.0,30.8,8.32,2017,0
TRACK_0412,Artista_36,Clásica,62,239,102,78.6,67.5,70.7,83.0,0.6,69.1,30.6,2.431,2015,0
TRACK_0413,Artista_45,Pop,70,135,133,88.6,75.1,20.7,66.5,8.4,9.6,23.7,6.942,2020,0
TRACK_0414,Artista_20,Pop,104,143,137,20.6,84.5,68.4,91.8,25.2,28.1,24.0,88.0,2023,0
TRACK_0415,Artista_01,Rock,70,218,134,64.4,56.0,100.0,40.0,3.4,10.4,36.9,2.2,2013,1
TRACK_0416,Artista_08,Pop,73,182,129,51.2,64.1,13.5,47.3,1.7,2.9,40.1,6.28,2011,0
TRACK_0417,Artista_46,Country,80,249,96,51.3,35.6,46.6,66.1,4.3,9.1,35.6,1.89,2022,0
TRACK_0418,Artista_16,Hip Hop,56,262,139,40.2,55.8,22.6,25.8,27.7,2.3,31.0,9.59,2016,0
TRACK_0419,Artista_14,Rock,85,220,94,61.8,71.9,20.5,64.8,0.9,28.4,20.8,25.98,2010,0
TRACK_0420,Artista_12,Reggaeton,78,161,162,73.8,93.1,0.0,69.2,9.2,1.0,15.7,4.07,2016,1
TRACK_0421,Artista_23,Country,100,257,117,66.5,65.7,96.4,71.0,1.5,39.3,12.1,10.96,2022,1
TRACK_0422,Artista_15,Jazz,43,218,103,59.1,24.9,66.8,68.6,5.7,53.7,34.3,15.33,2019,0
TRACK_0423,Artista_28,Electrónica,69,143,161,88.3,78.7,0.0,76.2,33.8,4.9,17.6,3.4840000000000004,2022,0
TRACK_0424,Artista_34,Clásica,45,147,125,35.1,56.7,33.8,75.5,2.2,53.2,14.1,7.45,2019,0
TRACK_0425,Artista_02,Country,61,278,139,75.1,41.7,91.7,89.4,0.3,12.0,49.0,22.841,2016,0
TRACK_0426,Artista_32,Hip Hop,57,270,99,66.0,74.2,0.0,60.2,17.6,25.8,31.2,31.95,2019,0
TRACK_0427,Artista_23,Pop,81,96,139,41.0,77.8,35.0,50.3,8.6,10.3,13.3,3.21,2022,0
TRACK_0428,Artista_22,Reggaeton,94,148,114,35.9,83.7,0.0,49.0,3.5,0.7,33.3,1.16,2012,1
TRACK_0429,Artista_25,Jazz,72,261,124,39.6,73.3,21.1,51.6,7.8,31.4,36.3,9.03,2013,0
TRACK_0430,Artista_22,Pop,70,209,84,35.5,37.9,1.8,90.9,30.7,12.6,51.1,5.9,2021,0
TRACK_0431,Artista_22,Jazz,70,241,102,55.3,31.799999999999997,34.0,26.9,3.7,98.4,8.6,4.65,2013,0
TRACK_0432,Artista_49,Pop,67,207,99,23.8,89.0,2.4,99.7,3.7,42.6,34.8,2.4,2013,1
TRACK_0433,Artista_42,Pop,90,239,199,44.6,82.1,27.2,43.5,6.6,4.0,47.1,12.95,2018,0
TRACK_0434,Artista_06,Rock,72,210,147,40.0,30.1,36.3,64.4,7.2,35.7,15.1,2.21,2015,0
TRACK_0435,Artista_15,Pop,78,190,124,44.1,82.6,14.0,90.3,0.0,55.2,5.3,1.99,2019,0
TRACK_0436,Artista_43,Country,75,257,124,69.9,72.3,55.7,63.5,9.6,0.2,23.7,3.82,2018,0
TRACK_0437,Artista_37,Jazz,100,219,122,61.0,24.200000000000003,40.2,39.4,59.4,50.5,5.3,13.66,2021,0
TRACK_0438,Artista_33,Hip Hop,87,239,148,56.2,74.2,6.899999999999999,44.7,15.5,12.3,27.7,0.88,2013,1
TRACK_0439,Artista_08,Electrónica,97,217,140,100.0,48.5,0.0,58.6,10.0,22.8,24.0,1.729,2016,1
TRACK_0440,Artista_44,Pop,90,188,107,42.1,95.7,16.9,44.4,0.0,18.6,4.9,1.68,2022,0
TRACK_0441,Artista_44,Reggaeton,47,282,151,29.3,52.2,85.0,17.6,9.3,83.6,18.2,48.42,2021,1
TRACK_0442,Artista_05,Reggaeton,69,225,88,45.0,99.1,19.299999999999997,24.3,5.9,6.8,48.1,6.29,2019,0
TRACK_0443,Artista_39,Reggaeton,52,194,157,69.1,92.9,0.0,49.2,7.6,30.8,30.3,1.28,2021,1
TRACK_0444,Artista_04,Rock,77,267,102,88.2,33.4,44.7,45.3,7.9,15.3,34.2,4.979,2021,0
TRACK_0445,Artista_06,Reggaeton,76,150,128,62.4,59.0,0.0,23.4,1.9,11.4,34.7,11.33,2018,0
TRACK_0446,Artista_45,Reggaeton,59,310,157,100.0,75.4,0.0,38.1,14.7,74.1,50.9,64.22,2019,0
TRACK_0447,Artista_32,Country,55,201,109,53.1,68.3,34.4,60.1,8.1,29.1,39.7,0.71,2012,0
TRACK_0448,Artista_30,Jazz,72,152,121,80.2,31.299999999999997,61.7,28.5,3.1,32.6,8.5,1.599,2022,0
TRACK_0449,Artista_47,Reggaeton,55,295,163,44.5,100.0,0.0,52.0,27.7,19.3,40.4,2.99,2012,0
TRACK_0450,Artista_35,Electrónica,53,189,142,90.5,77.0,41.0,64.2,0.1,1.0,55.3,4.056,2015,0
TRACK_0451,Artista_40,Hip Hop,91,220,127,67.7,79.0,4.699999999999999,92.6,24.9,6.2,20.2,3.06,2017,0
TRACK_0452,Artista_16,Pop,79,242,117,40.2,100.0,12.9,57.6,4.8,25.3,24.0,3.92,2010,1
TRACK_0453,Artista_13,Jazz,56,263,107,89.8,27.5,100.0,19.5,7.4,41.9,27.5,66.46900000000001,2013,0
TRACK_0454,Artista_50,Jazz,44,223,77,69.2,52.400000000000006,39.8,33.4,3.4,37.7,40.4,0.98,2022,0
TRACK_0455,Artista_42,Reggaeton,85,180,127,87.2,87.7,34.1,45.0,3.9,23.5,28.1,7.059,2017,0
TRACK_0456,Artista_30,Rock,54,219,87,83.0,30.5,54.0,49.8,0.2,20.2,27.5,11.427,2015,0
TRACK_0457,Artista_19,Rock,97,191,97,70.2,28.299999999999997,83.3,49.5,13.1,10.5,35.1,0.79,2023,0
TRACK_0458,Artista_17,Reggaeton,85,221,84,47.5,76.1,0.0,91.1,12.4,11.6,12.9,25.05,2011,1
TRACK_0459,Artista_19,Pop,65,283,126,44.1,88.9,9.5,61.3,10.6,46.5,4.2,3.71,2017,0
TRACK_0460,Artista_28,Jazz,59,244,147,41.1,3.6000000000000014,63.8,26.4,21.0,63.8,13.3,1.22,2022,1
TRACK_0461,Artista_26,Pop,108,219,108,55.7,85.9,24.8,47.8,23.2,10.5,37.8,28.68,2023,1
TRACK_0462,Artista_37,Rock,63,243,144,87.8,25.5,29.6,15.5,8.1,10.4,11.2,13.195,2010,0
TRACK_0463,Artista_26,Clásica,62,246,128,54.599999999999994,62.1,35.5,87.1,11.5,60.2,19.8,2.34,2021,0
TRACK_0464,Artista_23,Hip Hop,73,161,90,18.2,80.2,0.0,61.9,12.1,27.0,12.3,10.7,2010,0
TRACK_0465,Artista_09,Rock,57,211,95,88.9,30.799999999999997,27.1,64.9,18.7,17.0,28.5,9.282,2016,1
TRACK_0466,Artista_12,Rock,73,325,144,50.5,67.1,14.7,23.2,17.0,23.0,40.9,0.71,2023,0
TRACK_0467,Artista_01,Pop,68,264,117,14.0,46.3,7.1,44.2,0.2,96.2,16.2,0.8,2019,0
TRACK_0468,Artista_01,Electrónica,78,187,107,64.4,43.3,0.0,16.6,7.8,17.2,11.6,6.71,2012,0
TRACK_0469,Artista_47,Pop,69,182,104,26.7,42.9,5.1,38.0,23.7,8.6,35.8,0.53,2021,1
TRACK_0470,Artista_34,Reggaeton,64,181,145,70.6,71.2,28.9,48.3,2.0,19.7,45.8,14.98,2021,0
TRACK_0471,Artista_32,Country,59,248,100,28.2,39.3,53.1,37.1,4.3,4.0,26.9,0.85,2017,0
TRACK_0472,Artista_48,Pop,64,282,50,28.6,63.3,1.4,21.3,4.0,4.4,30.5,13.53,2018,0
TRACK_0473,Artista_25,Jazz,63,236,96,45.5,68.8,26.8,63.9,4.4,76.8,4.1,24.74,2017,1
TRACK_0474,Artista_40,Country,82,217,113,23.6,83.2,39.7,93.8,0.4,5.5,10.4,8.07,2010,0
TRACK_0475,Artista_45,Pop,86,190,120,49.5,91.5,11.7,54.8,3.3,7.4,55.4,0.05,2010,1
TRACK_0476,Artista_01,Jazz,82,224,136,38.5,38.4,72.0,39.5,3.5,40.7,54.8,17.19,2015,1
TRACK_0477,Artista_16,Reggaeton,65,173,136,69.9,100.0,31.1,8.3,20.1,46.0,33.5,2.65,2021,0
TRACK_0478,Artista_39,Clásica,70,122,192,1.8999999999999986,60.1,96.7,74.1,4.3,70.4,15.8,4.18,2010,0
TRACK_0479,Artista_05,Reggaeton,75,283,161,21.4,46.9,9.8,15.5,5.9,0.9,20.2,1.84,2017,0
TRACK_0480,Artista_22,Electrónica,67,164,140,75.2,86.4,0.0,13.7,4.8,23.6,46.8,43.862,2022,1
TRACK_0481,Artista_29,Reggaeton,74,195,188,70.0,83.9,12.899999999999999,55.8,1.3,14.0,43.4,5.55,2023,1
TRACK_0482,Artista_03,Jazz,38,239,73,21.4,50.400000000000006,22.8,86.8,46.4,37.9,25.5,2.75,2015,0
TRACK_0483,Artista_12,Hip Hop,78,274,96,80.9,58.1,0.0,42.7,29.5,23.5,11.8,29.068,2014,0
TRACK_0484,Artista_26,Reggaeton,74,221,150,30.3,72.4,0.0,51.1,7.8,4.4,37.1,12.88,2022,1
TRACK_0485,Artista_16,Jazz,77,156,136,73.5,36.3,35.7,61.3,6.5,100.0,6.9,1.15,2015,0
TRACK_0486,Artista_37,Pop,81,196,114,10.2,70.5,7.8,50.5,10.5,20.7,70.3,6.69,2013,1
TRACK_0487,Artista_22,Pop,75,179,94,69.4,100.0,5.1,69.2,4.0,9.1,31.9,5.84,2010,0
TRACK_0488,Artista_29,Pop,46,208,164,75.5,51.4,28.7,98.6,0.5,18.3,37.8,1.0010000000000001,2016,1
TRACK_0489,Artista_14,Rock,43,265,100,15.9,60.3,100.0,60.3,5.2,14.9,61.4,12.09,2019,0
TRACK_0490,Artista_28,Pop,39,95,128,33.4,79.4,5.9,39.0,41.3,20.1,12.5,4.33,2018,0
TRACK_0491,Artista_05,Clásica,64,191,132,28.4,90.8,53.7,40.4,2.0,40.6,8.0,59.23,2013,0
TRACK_0492,Artista_47,Pop,113,188,108,43.7,72.8,3.8,49.1,7.5,8.3,14.7,24.33,2022,0
TRACK_0493,Artista_49,Electrónica,53,153,124,25.9,95.0,61.7,73.9,0.1,27.5,11.0,5.85,2013,0
TRACK_0494,Artista_30,Pop,38,236,106,62.4,85.4,10.3,70.0,1.3,33.0,38.1,4.04,2018,1
TRACK_0495,Artista_46,Jazz,79,146,127,59.7,38.2,83.2,65.9,8.8,30.8,34.7,0.39,2013,0
TRACK_0496,Artista_05,Country,108,151,146,12.2,82.8,25.0,61.5,3.5,15.5,13.4,12.31,2019,0
TRACK_0497,Artista_12,Reggaeton,77,248,135,81.4,82.1,34.2,51.1,23.6,15.0,7.6,5.369,2013,0
TRACK_0498,Artista_16,Jazz,69,277,152,13.0,10.399999999999999,27.0,24.5,5.2,35.9,12.0,2.56,2017,1
TRACK_0499,Artista_26,Pop,65,206,120,58.7,25.9,10.4,85.3,2.3,5.2,28.4,4.6,2020,0
TRACK_0500,Artista_26,Hip Hop,46,155,152,43.1,100.0,0.0,82.7,19.9,24.3,23.7,28.89,2013,0
TRACK_0501,Artista_48,Pop,56,178,109,25.1,75.2,9.2,60.4,15.8,5.8,9.7,23.05,2018,0
TRACK_0502,Artista_21,Clásica,60,255,158,69.6,65.1,84.0,55.5,0.2,88.4,21.4,22.97,2020,0
TRACK_0503,Artista_39,Pop,70,215,159,91.7,100.0,30.6,65.0,7.0,15.0,18.4,1.677,2017,0
TRACK_0504,Artista_36,Reggaeton,71,205,131,100.0,97.2,0.5999999999999996,54.5,14.8,40.9,12.7,387.78999999999996,2014,1
TRACK_0505,Artista_33,Hip Hop,85,224,155,66.2,87.0,90.0,59.7,13.1,6.9,20.5,2.49,2018,0
TRACK_0506,Artista_30,Rock,56,208,154,43.5,47.4,23.8,42.6,23.3,42.9,17.6,10.97,2017,0
TRACK_0507,Artista_37,Pop,95,279,158,73.5,75.2,100.0,56.0,3.1,2.4,34.4,9.52,2023,1
TRACK_0508,Artista_23,Pop,61,176,57,58.3,53.2,6.6,27.9,1.9,29.1,37.2,3.78,2019,0
TRACK_0509,Artista_10,Rock,80,171,137,30.9,57.3,75.5,76.9,8.9,19.8,28.5,5.8,2013,1
TRACK_0510,Artista_05,Reggaeton,66,147,148,18.8,28.1,0.0,41.4,1.9,12.7,33.0,0.62,2013,1
TRACK_0511,Artista_36,Pop,71,185,131,72.8,77.1,23.6,54.9,11.4,3.6,12.0,4.81,2010,1
TRACK_0512,Artista_34,Rock,66,160,125,27.1,25.299999999999997,21.5,51.5,6.7,10.4,13.5,3.38,2013,0
TRACK_0513,Artista_31,Pop,78,219,126,75.5,100.0,22.3,13.7,1.2,21.9,41.1,81.289,2021,0
TRACK_0514,Artista_10,Hip Hop,71,210,152,30.1,64.7,14.2,56.9,36.4,17.7,20.8,4.64,2022,0
TRACK_0515,Artista_19,Pop,89,161,133,5.0,100.0,14.8,60.3,11.2,19.5,51.3,1.9,2017,0
TRACK_0516,Artista_32,Rock,68,236,125,68.2,42.8,100.0,36.0,7.9,15.9,44.6,5.15,2021,0
TRACK_0517,Artista_01,Pop,77,278,148,48.7,73.8,100.0,55.9,4.7,5.5,32.2,2.0,2021,1
TRACK_0518,Artista_05,Reggaeton,48,226,145,34.0,56.0,82.9,16.5,1.4,35.5,16.7,0.82,2014,0
TRACK_0519,Artista_45,Jazz,73,95,117,38.0,17.799999999999997,100.0,77.7,12.3,53.6,1.9,7.35,2015,0
TRACK_0520,Artista_04,Rock,70,299,166,88.0,58.099999999999994,52.3,60.7,16.8,18.2,19.2,5.8759999999999994,2013,0
TRACK_0521,Artista_16,Pop,57,243,109,89.7,55.3,100.0,38.5,1.3,20.3,24.9,19.188,2023,0
TRACK_0522,Artista_24,Hip Hop,77,298,82,62.4,52.5,56.900000000000006,32.2,18.8,35.2,11.7,25.72,2014,0
TRACK_0523,Artista_16,Hip Hop,55,259,121,44.7,100.0,6.100000000000001,23.3,18.6,43.9,10.0,43.26,2019,1
TRACK_0524,Artista_02,Pop,93,268,125,78.9,99.5,46.1,85.4,4.3,0.1,44.0,7.670000000000001,2017,0
TRACK_0525,Artista_49,Hip Hop,80,219,138,52.5,44.8,62.900000000000006,80.3,27.6,33.6,16.1,10.28,2021,1
TRACK_0526,Artista_28,Clásica,79,198,102,40.0,70.7,67.4,90.4,1.0,48.6,19.4,6.28,2018,0
TRACK_0527,Artista_32,Pop,72,226,138,62.4,95.3,16.5,38.7,2.3,25.3,40.0,0.28,2012,1
TRACK_0528,Artista_27,Hip Hop,81,178,182,28.7,96.4,0.0,27.7,12.0,9.3,41.8,19.75,2019,0
TRACK_0529,Artista_20,Hip Hop,81,229,140,51.5,70.0,39.8,41.6,16.7,18.6,54.3,8.63,2013,0
TRACK_0530,Artista_24,Reggaeton,73,91,159,81.5,65.0,76.6,57.2,3.4,20.8,58.8,11.401,2010,0
TRACK_0531,Artista_12,Pop,67,211,116,16.9,75.2,13.5,13.7,20.2,10.4,33.2,2.42,2020,1
TRACK_0532,Artista_50,Pop,74,270,85,31.7,57.1,4.9,34.8,13.7,14.4,28.6,2.07,2014,1
TRACK_0533,Artista_35,Jazz,89,214,47,65.5,76.5,31.9,29.3,0.9,50.9,46.2,4.13,2013,0
TRACK_0534,Artista_33,Country,105,287,107,11.8,80.0,41.2,31.4,13.5,12.9,27.0,8.75,2015,0
TRACK_0535,Artista_33,Electrónica,69,198,75,70.1,82.5,0.0,59.7,11.3,0.3,15.9,0.43,2015,0
TRACK_0536,Artista_43,Reggaeton,90,255,147,87.4,93.5,13.3,35.6,3.3,0.3,58.4,7.423,2022,0
TRACK_0537,Artista_37,Electrónica,82,170,130,54.6,36.4,80.0,76.8,0.2,21.7,26.2,33.99,2019,0
TRACK_0538,Artista_12,Reggaeton,60,253,102,63.0,96.2,18.299999999999997,40.1,1.2,37.6,16.9,3.83,2015,0
TRACK_0539,Artista_03,Rock,91,220,123,45.8,62.599999999999994,18.5,30.1,2.9,40.8,17.1,0.42,2012,0
TRACK_0540,Artista_01,Pop,100,200,101,75.2,90.4,82.4,74.9,17.0,7.4,49.6,4.641,2023,0
TRACK_0541,Artista_33,Jazz,77,94,116,17.8,14.899999999999999,45.0,16.0,6.3,37.7,18.3,6.38,2016,1
TRACK_0542,Artista_40,Rock,69,198,137,38.9,67.7,9.1,56.2,25.1,15.3,38.8,7.04,2012,0
TRACK_0543,Artista_10,Hip Hop,73,219,102,55.4,90.3,10.7,41.4,27.6,90.5,37.4,5.4,2015,0
TRACK_0544,Artista_43,Rock,113,247,114,56.7,83.4,36.8,62.8,3.4,16.0,21.5,45.76,2022,1
TRACK_0545,Artista_44,Pop,78,280,125,52.0,93.1,54.7,82.7,18.7,10.8,61.0,5.31,2022,0
TRACK_0546,Artista_29,Pop,70,301,84,39.2,67.5,82.7,60.7,1.2,22.9,42.9,5.64,2023,0
TRACK_0547,Artista_13,Reggaeton,92,266,140,48.8,89.6,0.0,79.9,0.4,41.8,6.8,2.26,2019,1
TRACK_0548,Artista_12,Clásica,76,184,64,81.8,62.7,35.1,25.7,9.4,41.1,49.3,18.096,2010,0
TRACK_0549,Artista_31,Pop,94,196,134,24.6,65.0,2.3,93.7,4.2,7.2,20.9,34.35,2023,0
TRACK_0550,Artista_46,Jazz,66,243,94,60.7,26.6,60.2,69.1,4.0,41.8,13.0,2.11,2017,0
TRACK_0551,Artista_02,Reggaeton,69,233,99,33.3,53.8,32.6,68.2,11.6,19.3,17.3,3.93,2016,0
TRACK_0552,Artista_50,Jazz,98,283,90,7.7,31.1,35.8,34.2,19.0,26.5,37.3,0.28,2021,0
TRACK_0553,Artista_35,Rock,52,321,106,60.1,59.3,20.1,26.8,3.9,31.8,5.7,1.64,2018,0
TRACK_0554,Artista_23,Jazz,68,312,131,35.5,23.200000000000003,100.0,37.9,3.9,40.0,34.8,47.62,2023,0
TRACK_0555,Artista_17,Hip Hop,84,277,124,52.6,81.8,64.6,63.5,19.6,35.2,31.0,3.14,2012,0
TRACK_0556,Artista_26,Pop,80,233,96,17.8,89.3,8.0,44.0,10.6,5.0,36.9,5.88,2021,1
TRACK_0557,Artista_08,Pop,61,270,161,42.7,33.7,45.5,56.2,2.3,4.3,26.6,1.87,2017,1
TRACK_0558,Artista_29,Jazz,74,284,120,79.6,3.1999999999999993,49.2,25.7,24.4,56.5,18.6,9.971,2011,1
TRACK_0559,Artista_26,Country,85,203,111,68.4,38.4,20.0,57.2,10.6,24.3,17.9,3.63,2018,1
TRACK_0560,Artista_10,Pop,75,186,81,71.9,81.6,13.2,83.7,9.8,31.4,50.8,7.34,2010,0
TRACK_0561,Artista_26,Hip Hop,75,175,109,70.5,89.9,0.0,26.7,35.5,30.5,24.9,5.08,2021,1
TRACK_0562,Artista_34,Clásica,55,170,94,74.1,58.5,40.5,34.0,23.8,42.2,17.3,25.33,2019,0
TRACK_0563,Artista_41,Jazz,60,147,114,79.4,30.9,48.7,45.3,1.5,31.5,15.7,7.1370000000000005,2016,1
TRACK_0564,Artista_07,Country,86,221,135,83.3,37.4,29.1,29.3,1.6,6.0,6.6,2.145,2023,0
TRACK_0565,Artista_04,Hip Hop,74,165,140,57.8,83.9,5.0,66.3,26.4,54.5,25.1,2.09,2019,1
TRACK_0566,Artista_50,Reggaeton,57,174,94,40.0,59.0,8.3,81.2,31.4,13.4,18.2,0.48,2023,0
TRACK_0567,Artista_45,Rock,68,241,125,41.1,32.6,7.7,63.1,11.0,12.4,42.1,5.21,2010,0
TRACK_0568,Artista_11,Rock,88,218,116,97.5,81.1,45.3,29.2,5.3,16.8,25.6,5.3950000000000005,2015,1
TRACK_0569,Artista_29,Hip Hop,64,229,186,38.3,99.3,5.4,57.0,23.5,41.1,32.6,27.55,2010,1
TRACK_0570,Artista_36,Hip Hop,50,271,121,24.6,68.8,9.600000000000001,38.6,14.6,37.6,15.2,1.1,2022,0
TRACK_0571,Artista_25,Pop,108,248,104,26.0,89.4,100.0,100.0,62.0,46.1,24.1,1.94,2013,0
TRACK_0572,Artista_21,Jazz,98,278,107,40.2,24.9,32.7,34.4,5.6,34.8,18.4,1.96,2016,0
TRACK_0573,Artista_36,Hip Hop,67,213,119,60.9,91.8,21.3,94.0,38.8,20.5,52.1,3.31,2011,0
TRACK_0574,Artista_10,Reggaeton,68,282,85,84.3,69.3,0.0,49.7,5.6,6.5,42.4,1.287,2012,0
TRACK_0575,Artista_37,Reggaeton,68,226,145,68.8,80.8,52.400000000000006,55.2,26.3,4.0,46.7,3.21,2013,1
TRACK_0576,Artista_09,Reggaeton,63,217,127,52.3,56.9,41.3,50.9,4.1,0.4,13.4,4.58,2015,0
TRACK_0577,Artista_24,Pop,91,275,119,31.1,97.1,8.3,48.7,14.3,5.1,54.6,4.75,2022,1
TRACK_0578,Artista_35,Pop,47,170,98,34.2,71.8,35.3,42.4,30.2,18.5,31.7,20.66,2021,0
TRACK_0579,Artista_49,Pop,58,301,92,23.3,100.0,2.0,15.0,10.4,46.9,15.6,4.32,2018,0
TRACK_0580,Artista_35,Pop,78,197,141,34.7,100.0,99.1,39.3,11.3,2.9,25.7,4.2,2013,0
TRACK_0581,Artista_48,Reggaeton,66,155,162,62.2,100.0,0.0,30.5,1.1,50.0,2.3,17.71,2015,0
TRACK_0582,Artista_36,Reggaeton,71,239,145,55.8,39.4,38.5,46.7,6.4,8.5,26.7,4.47,2021,0
TRACK_0583,Artista_18,Pop,81,193,74,19.2,99.0,11.5,19.5,21.8,11.1,5.7,1.04,2016,1
TRACK_0584,Artista_49,Hip Hop,41,301,132,48.7,71.6,20.1,7.7,14.8,9.1,42.0,1.23,2013,0
TRACK_0585,Artista_39,Rock,84,190,75,74.2,21.4,100.0,49.1,15.5,20.5,55.7,1.24,2015,0
TRACK_0586,Artista_32,Clásica,57,224,83,46.7,42.5,92.8,37.6,11.3,46.0,12.4,1.04,2012,0
TRACK_0587,Artista_24,Country,60,145,141,72.4,78.9,20.2,70.4,2.5,24.0,8.3,49.3,2014,0
TRACK_0588,Artista_23,Pop,86,246,136,81.1,100.0,23.8,60.2,3.3,28.4,26.5,1.612,2021,0
TRACK_0589,Artista_32,Reggaeton,79,175,146,76.4,77.4,0.0,36.7,5.6,34.6,57.1,5.538,2021,1
TRACK_0590,Artista_37,Pop,95,241,152,65.4,99.5,17.1,94.2,1.3,8.3,14.8,4.79,2020,0
TRACK_0591,Artista_12,Reggaeton,77,190,149,47.5,100.0,0.0,64.0,24.5,28.9,5.3,3.62,2019,0
TRACK_0592,Artista_49,Electrónica,90,117,89,61.4,100.0,0.0,45.4,13.4,20.3,11.7,1.76,2013,0
TRACK_0593,Artista_13,Pop,63,215,110,52.7,73.9,23.5,54.5,4.5,63.4,20.0,7.74,2016,1
TRACK_0594,Artista_23,Reggaeton,67,213,133,71.6,50.5,0.0,29.1,3.6,11.1,11.4,0.72,2015,1
TRACK_0595,Artista_25,Pop,61,249,116,91.0,89.5,23.1,85.9,11.7,97.4,7.4,1.625,2016,1
TRACK_0596,Artista_35,Pop,71,280,104,21.3,32.9,9.8,49.4,5.5,27.0,55.4,17.22,2015,0
TRACK_0597,Artista_41,Electrónica,76,296,114,100.0,80.6,0.0,40.8,2.6,29.9,10.1,1.56,2021,1
TRACK_0598,Artista_30,Rock,62,248,180,25.2,61.7,45.3,75.4,5.6,10.5,10.4,21.26,2011,1
TRACK_0599,Artista_17,Reggaeton,75,222,125,88.0,88.3,0.0,57.6,20.5,13.8,17.1,30.628,2023,1
TRACK_0600,Artista_49,Reggaeton,76,145,193,62.6,34.8,0.0,63.1,0.7,15.0,17.2,24.13,2016,0
TRACK_0601,Artista_20,Country,40,219,91,49.4,68.0,30.7,53.3,4.6,0.8,32.6,12.34,2017,1
TRACK_0602,Artista_48,Pop,64,219,136,29.0,73.2,19.9,60.2,32.8,7.5,45.3,8.6,2016,0
TRACK_0603,Artista_25,Reggaeton,64,201,140,25.8,67.3,18.200000000000003,53.5,0.1,62.3,6.9,0.71,2013,0
TRACK_0604,Artista_22,Electrónica,47,238,116,100.0,55.8,0.0,58.9,22.1,11.1,27.0,1.521,2013,0
TRACK_0605,Artista_13,Rock,70,260,108,92.6,65.4,12.2,52.2,4.7,14.1,27.9,1.859,2021,1
TRACK_0606,Artista_19,Country,72,173,119,42.7,84.7,79.9,37.8,2.1,14.4,17.2,0.94,2014,1
TRACK_0607,Artista_49,Hip Hop,48,172,98,55.5,56.8,90.0,64.0,12.2,0.7,14.6,1.97,2023,1
TRACK_0608,Artista_36,Electrónica,51,203,133,53.5,100.0,0.0,67.8,0.7,14.5,37.7,11.29,2018,0
TRACK_0609,Artista_12,Hip Hop,33,182,60,37.5,100.0,13.7,59.6,13.9,18.0,31.1,9.79,2014,0
TRACK_0610,Artista_41,Country,46,136,137,27.9,51.5,27.5,100.0,0.3,8.9,35.4,6.39,2011,0
TRACK_0611,Artista_19,Clásica,65,165,130,0.0,30.7,39.7,58.1,4.1,68.8,15.2,3.46,2014,0
TRACK_0612,Artista_12,Hip Hop,80,154,131,38.2,90.5,2.3000000000000007,42.5,12.5,2.9,43.4,4.13,2022,0
TRACK_0613,Artista_09,Hip Hop,68,264,176,35.2,64.6,20.6,46.1,23.8,42.1,41.0,6.43,2012,1
TRACK_0614,Artista_07,Pop,58,286,137,62.5,57.8,6.3,95.8,17.1,62.2,55.6,2.54,2019,0
TRACK_0615,Artista_28,Pop,69,160,148,80.9,24.3,73.2,77.2,21.8,0.0,32.2,18.824,2017,1
TRACK_0616,Artista_14,Reggaeton,78,234,165,82.2,100.0,3.8000000000000007,71.5,8.0,37.0,16.7,1.209,2019,1
TRACK_0617,Artista_31,Pop,58,249,51,28.6,85.0,11.8,25.1,29.3,14.1,27.2,1.76,2019,0
TRACK_0618,Artista_19,Reggaeton,71,142,145,52.3,62.7,28.5,72.5,0.1,12.4,61.6,1.48,2022,1
TRACK_0619,Artista_47,Pop,87,217,85,54.0,89.0,0.5,37.2,1.4,5.5,28.7,7.76,2011,0
TRACK_0620,Artista_16,Rock,62,324,90,86.8,38.1,22.0,28.7,3.5,21.9,19.1,1.3780000000000001,2023,0
TRACK_0621,Artista_05,Hip Hop,80,240,94,56.9,69.0,3.1999999999999993,41.6,27.6,60.1,23.3,1.49,2020,0
TRACK_0622,Artista_35,Clásica,65,198,92,35.6,86.4,42.4,64.5,21.7,44.7,23.5,7.46,2013,1
TRACK_0623,Artista_12,Pop,57,184,136,81.6,36.0,12.3,62.7,9.6,3.9,25.2,2.0540000000000003,2014,1
TRACK_0624,Artista_25,Reggaeton,86,118,145,44.6,92.7,0.0,69.8,4.8,5.5,25.5,12.25,2021,0
TRACK_0625,Artista_21,Jazz,95,231,104,80.1,20.5,25.0,40.4,11.0,41.1,51.1,15.483,2013,0
TRACK_0626,Artista_36,Pop,84,297,138,7.8,71.6,4.6,87.9,2.0,53.3,27.0,2.35,2022,0
TRACK_0627,Artista_23,Jazz,79,173,124,4.9,41.6,100.0,37.6,6.1,42.1,17.0,5.22,2023,0
TRACK_0628,Artista_16,Rock,57,122,131,63.5,34.4,5.7,60.7,7.1,15.6,5.6,53.05,2014,0
TRACK_0629,Artista_39,Rock,46,180,76,76.3,31.1,10.5,26.8,1.1,21.6,21.2,16.588,2019,0
TRACK_0630,Artista_45,Country,67,249,101,84.2,12.100000000000001,100.0,74.5,0.3,9.9,30.0,10.543,2020,1
TRACK_0631,Artista_42,Pop,87,190,120,20.7,76.4,29.7,47.8,13.9,1.0,29.1,28.85,2022,1
TRACK_0632,Artista_39,Electrónica,67,173,158,51.1,79.3,0.0,86.9,7.7,14.3,46.5,1.41,2013,0
TRACK_0633,Artista_14,Jazz,79,210,71,54.7,52.599999999999994,22.5,44.6,4.0,27.7,52.4,20.23,2022,0
TRACK_0634,Artista_31,Pop,60,220,119,35.6,51.5,33.2,45.8,5.7,36.9,19.6,6.87,2012,1
TRACK_0635,Artista_05,Electrónica,51,147,100,94.5,60.1,0.0,41.7,31.6,15.9,25.7,33.475,2010,0
TRACK_0636,Artista_35,Country,85,200,145,49.2,7.5,48.4,40.4,4.9,37.2,26.4,2.4,2023,0
TRACK_0637,Artista_23,Pop,93,187,126,23.0,79.9,100.0,82.0,1.1,62.5,17.6,23.83,2013,0
TRACK_0638,Artista_29,Jazz,55,181,71,85.6,44.9,42.8,92.0,6.2,82.4,30.7,0.7150000000000001,2018,1
TRACK_0639,Artista_43,Reggaeton,90,164,101,93.3,39.5,0.0,0.9,10.4,2.1,52.3,3.705,2010,0
TRACK_0640,Artista_11,Electrónica,60,252,149,27.9,38.1,9.399999999999999,44.9,0.1,57.9,26.4,6.22,2016,0
TRACK_0641,Artista_18,Electrónica,66,181,174,68.3,70.0,1.6000000000000014,47.9,4.0,31.8,30.1,9.86,2012,0
TRACK_0642,Artista_47,Rock,63,120,92,65.0,42.9,27.9,9.1,5.0,40.1,29.4,0.36,2017,0
TRACK_0643,Artista_12,Clásica,72,221,119,50.7,49.8,49.5,7.7,6.2,41.9,57.6,1.01,2015,0
TRACK_0644,Artista_09,Clásica,82,242,86,39.8,88.5,63.6,65.9,3.6,44.0,5.7,1.22,2022,0
TRACK_0645,Artista_10,Electrónica,68,174,160,100.0,30.4,5.5,46.9,11.0,73.9,15.4,1.898,2010,0
TRACK_0646,Artista_44,Hip Hop,57,184,137,46.4,92.0,90.0,29.9,41.0,4.8,46.9,1.82,2019,0
TRACK_0647,Artista_17,Electrónica,39,180,143,82.1,46.9,32.4,59.7,24.5,3.7,16.3,7.098,2014,0
TRACK_0648,Artista_38,Reggaeton,95,194,89,34.2,100.0,0.0,65.3,10.9,9.0,23.8,26.35,2023,1
TRACK_0649,Artista_07,Electrónica,69,259,157,65.4,90.0,18.799999999999997,27.2,7.1,48.9,17.7,2.86,2021,0
TRACK_0650,Artista_46,Reggaeton,69,204,147,67.1,56.1,0.0,11.3,17.5,12.9,8.8,28.64,2022,1
TRACK_0651,Artista_13,Reggaeton,69,247,145,60.7,44.1,30.700000000000003,24.8,18.1,50.7,15.7,4.96,2017,0
TRACK_0652,Artista_40,Hip Hop,89,166,124,64.1,69.7,0.0,62.7,29.7,8.1,13.8,3.47,2020,0
TRACK_0653,Artista_42,Reggaeton,75,192,113,81.3,88.0,4.199999999999999,58.2,1.7,5.1,28.0,20.423000000000002,2012,0
TRACK_0654,Artista_09,Pop,69,252,147,47.9,45.7,46.9,89.1,0.3,13.7,41.5,3.72,2021,0
TRACK_0655,Artista_50,Pop,75,173,142,57.1,81.8,9.9,79.5,40.9,19.1,22.6,1.75,2021,0
TRACK_0656,Artista_27,Reggaeton,64,255,108,100.0,62.2,39.4,60.9,32.1,9.9,18.2,28.613000000000003,2013,0
TRACK_0657,Artista_02,Hip Hop,59,181,152,65.5,74.3,21.0,39.9,20.3,8.5,27.5,4.28,2016,0
TRACK_0658,Artista_05,Reggaeton,65,195,138,48.9,66.4,0.1999999999999993,41.7,49.7,4.9,29.8,38.45,2020,0
TRACK_0659,Artista_29,Electrónica,64,285,143,44.6,58.1,0.0,28.5,14.7,6.4,21.9,2.93,2015,1
TRACK_0660,Artista_37,Reggaeton,102,190,130,75.1,100.0,63.099999999999994,30.5,7.3,22.4,36.5,1.183,2023,0
TRACK_0661,Artista_38,Electrónica,71,216,138,74.9,73.7,0.0,60.2,4.9,9.2,17.8,1.78,2016,0
TRACK_0662,Artista_19,Rock,49,237,154,71.2,76.8,40.5,36.4,9.0,11.7,7.6,2.0,2022,0
TRACK_0663,Artista_08,Reggaeton,108,220,160,66.5,79.4,21.9,55.7,7.3,3.0,40.2,4.0,2018,0
TRACK_0664,Artista_48,Hip Hop,87,221,145,38.8,86.3,66.7,13.9,62.8,9.3,13.3,1.73,2018,1
TRACK_0665,Artista_45,Jazz,96,207,109,13.8,21.9,57.5,52.9,6.7,76.7,14.4,1.0,2011,0
TRACK_0666,Artista_01,Reggaeton,55,151,157,100.0,98.0,11.3,54.4,18.1,9.5,37.5,3.9520000000000004,2012,0
TRACK_0667,Artista_22,Pop,74,225,99,74.8,78.3,69.8,64.7,16.8,1.3,6.8,5.0,2013,1
TRACK_0668,Artista_17,Pop,88,177,134,27.4,100.0,53.0,58.8,0.7,10.8,47.2,7.35,2015,0
TRACK_0669,Artista_07,Pop,78,244,116,31.0,64.2,37.8,93.0,0.9,22.1,13.4,4.39,2014,0
TRACK_0670,Artista_25,Electrónica,77,271,88,53.3,79.7,0.0,38.9,10.8,18.0,31.8,23.09,2015,1
TRACK_0671,Artista_45,Rock,32,128,80,100.0,31.799999999999997,19.0,57.4,3.0,16.5,24.7,6.266000000000001,2020,0
TRACK_0672,Artista_04,Reggaeton,47,271,118,41.1,100.0,15.0,63.6,10.7,23.3,29.2,0.33,2017,0
TRACK_0673,Artista_36,Reggaeton,95,191,145,80.8,79.3,7.199999999999999,78.3,1.6,19.9,12.1,7.865,2011,0
TRACK_0674,Artista_06,Pop,95,204,103,17.3,60.5,11.5,50.4,5.1,3.8,33.5,4.52,2015,1
TRACK_0675,Artista_31,Reggaeton,71,168,120,29.5,90.9,0.0,15.1,1.1,3.5,34.2,10.83,2018,1
TRACK_0676,Artista_19,Pop,98,218,139,53.6,91.3,24.2,64.6,3.3,15.8,40.9,1.17,2014,0
TRACK_0677,Artista_44,Reggaeton,49,213,121,27.6,38.1,0.0,15.3,0.9,21.5,18.6,16.02,2010,0
TRACK_0678,Artista_39,Pop,63,258,153,51.6,47.3,8.0,60.4,35.3,65.4,28.6,6.17,2022,0
TRACK_0679,Artista_27,Jazz,48,176,134,69.9,68.6,35.3,44.9,5.0,36.0,48.5,5.27,2017,0
TRACK_0680,Artista_10,Pop,57,284,120,61.1,61.9,46.2,77.6,23.1,29.0,16.7,13.82,2013,0
TRACK_0681,Artista_26,Country,83,239,138,80.7,87.5,35.1,35.4,35.5,2.5,56.0,23.426000000000002,2017,0
TRACK_0682,Artista_19,Reggaeton,57,214,150,66.6,55.0,0.0,72.8,24.0,44.1,8.8,16.03,2022,1
TRACK_0683,Artista_39,Jazz,98,201,98,38.4,56.900000000000006,23.7,49.1,6.1,45.1,42.9,0.27,2013,0
TRACK_0684,Artista_03,Electrónica,79,196,161,83.4,99.7,0.6999999999999993,41.0,15.1,19.8,18.1,1.0530000000000002,2020,0
TRACK_0685,Artista_45,Hip Hop,81,199,145,24.2,50.8,37.4,15.6,13.7,3.1,17.0,2.64,2017,1
TRACK_0686,Artista_13,Hip Hop,80,217,96,48.6,85.7,21.7,66.2,13.0,0.8,27.7,1.08,2018,0
TRACK_0687,Artista_50,Reggaeton,83,200,138,64.5,45.7,0.0,16.4,20.9,24.2,49.9,1.95,2014,0
TRACK_0688,Artista_28,Reggaeton,59,181,138,66.2,97.0,2.1999999999999993,53.7,0.3,2.5,15.1,4.21,2014,0
TRACK_0689,Artista_20,Reggaeton,86,217,156,37.4,66.1,43.0,64.6,35.9,2.7,28.0,2.55,2011,0
TRACK_0690,Artista_28,Reggaeton,75,172,123,28.2,100.0,0.0,62.9,11.2,4.2,37.3,4.35,2018,0
TRACK_0691,Artista_08,Pop,96,224,105,25.9,71.2,22.8,53.6,5.4,2.1,30.3,22.91,2020,0
TRACK_0692,Artista_41,Rock,43,199,124,41.9,68.3,18.2,18.8,1.5,29.6,30.1,37.97,2013,0
TRACK_0693,Artista_39,Electrónica,67,241,169,26.9,56.3,0.0,57.0,12.8,11.0,10.5,7.01,2012,0
TRACK_0694,Artista_01,Reggaeton,75,254,105,95.1,93.8,0.0,90.4,8.3,6.2,4.7,28.912,2011,1
TRACK_0695,Artista_03,Hip Hop,55,254,94,41.2,65.6,14.3,79.9,24.4,11.6,29.1,2.78,2012,0
TRACK_0696,Artista_13,Electrónica,69,224,126,57.8,49.0,0.0,25.7,5.4,37.2,36.6,2.12,2013,0
TRACK_0697,Artista_28,Country,88,229,111,75.4,44.3,18.3,67.6,0.7,52.4,18.0,5.33,2018,0
TRACK_0698,Artista_49,Rock,54,195,75,63.6,70.0,17.8,60.7,3.8,23.4,10.4,3.08,2015,0
TRACK_0699,Artista_25,Rock,79,240,157,51.0,50.7,6.3,28.6,3.8,26.7,40.7,10.08,2019,1
TRACK_0700,Artista_33,Rock,56,245,116,24.4,77.1,20.3,73.8,0.1,15.9,24.4,4.56,2014,1
TRACK_0701,Artista_38,Reggaeton,109,139,127,67.6,82.7,0.0,77.6,0.1,14.4,46.8,27.41,2022,0
TRACK_0702,Artista_06,Jazz,76,227,145,30.8,61.3,32.9,78.9,4.0,52.6,22.4,5.17,2018,0
TRACK_0703,Artista_44,Pop,103,271,137,56.5,70.1,47.0,81.6,13.0,13.6,36.1,1.92,2017,0
TRACK_0704,Artista_45,Hip Hop,75,193,106,58.8,57.9,19.5,70.5,21.8,7.2,5.6,2.54,2015,1
TRACK_0705,Artista_32,Reggaeton,78,184,139,56.5,100.0,2.6999999999999993,23.2,2.7,17.4,51.9,2.2,2012,0
TRACK_0706,Artista_45,Electrónica,84,191,138,66.6,73.1,0.0,60.1,9.2,58.6,6.2,10.78,2016,0
TRACK_0707,Artista_47,Electrónica,75,142,176,97.2,79.0,9.0,56.3,10.4,43.8,25.2,5.135000000000001,2022,0
TRACK_0708,Artista_21,Rock,40,215,115,68.5,33.7,10.4,33.8,7.4,39.3,70.5,5.17,2019,0
TRACK_0709,Artista_16,Reggaeton,79,211,98,42.9,100.0,0.0,31.6,7.4,6.5,25.5,7.4,2015,0
TRACK_0710,Artista_21,Reggaeton,66,218,88,73.6,100.0,17.700000000000003,53.6,4.6,5.5,40.4,8.56,2021,0
TRACK_0711,Artista_11,Pop,53,228,156,61.9,43.8,72.9,59.8,1.3,36.5,1.7,15.95,2020,0
TRACK_0712,Artista_37,Reggaeton,87,174,115,65.4,72.7,3.5,69.2,4.9,4.0,12.5,6.71,2023,0
TRACK_0713,Artista_36,Pop,65,222,136,23.8,65.2,1.3,58.6,4.2,18.6,33.7,1.42,2017,0
TRACK_0714,Artista_35,Reggaeton,93,229,136,53.9,92.3,48.7,23.9,9.0,11.6,5.3,2.5,2021,0
TRACK_0715,Artista_19,Reggaeton,61,188,124,70.3,95.6,0.0,25.7,19.4,12.6,46.9,2.5,2015,1
TRACK_0716,Artista_20,Reggaeton,70,228,128,19.2,97.6,45.6,30.1,4.7,12.1,40.1,1.87,2023,1
TRACK_0717,Artista_18,Electrónica,90,213,179,100.0,95.7,0.0,20.0,12.4,46.0,1.6,20.241,2020,1
TRACK_0718,Artista_47,Pop,82,181,83,65.7,78.8,13.6,52.3,16.7,1.8,34.2,3.75,2019,0
TRACK_0719,Artista_41,Electrónica,50,222,130,73.3,87.1,3.5,51.1,2.4,30.5,11.8,5.55,2013,1
TRACK_0720,Artista_49,Rock,68,196,142,40.8,21.1,99.5,14.4,23.2,46.0,32.7,6.69,2019,0
TRACK_0721,Artista_14,Rock,100,241,87,70.6,81.5,73.7,41.5,0.7,67.3,21.4,5.76,2021,0
TRACK_0722,Artista_15,Jazz,57,199,137,52.3,57.5,39.1,71.6,23.2,37.1,6.5,6.5,2016,0
TRACK_0723,Artista_31,Pop,86,151,142,68.2,84.8,35.7,64.0,1.8,13.9,10.7,80.61,2016,0
TRACK_0724,Artista_01,Reggaeton,52,222,141,46.1,54.1,11.100000000000001,26.7,4.1,65.0,13.3,10.09,2020,0
TRACK_0725,Artista_03,Reggaeton,70,220,122,23.0,99.8,20.5,52.7,9.3,12.3,33.0,1.48,2017,0
TRACK_0726,Artista_16,Rock,89,161,84,33.0,76.3,58.0,79.2,23.6,24.0,60.5,6.55,2011,0
TRACK_0727,Artista_23,Pop,81,243,137,50.8,99.2,1.1,21.8,3.0,8.1,57.1,5.09,2020,0
TRACK_0728,Artista_11,Pop,89,241,188,36.3,56.3,11.8,60.8,14.4,0.6,36.9,0.85,2015,0
TRACK_0729,Artista_12,Jazz,76,170,108,52.6,70.0,100.0,68.0,12.4,36.3,9.7,0.26,2023,0
TRACK_0730,Artista_10,Reggaeton,98,180,89,78.1,48.3,74.5,37.0,1.7,21.3,1.3,6.903,2012,1
TRACK_0731,Artista_32,Rock,41,203,131,63.2,25.799999999999997,5.3,37.5,6.5,33.4,33.2,3.2,2017,0
TRACK_0732,Artista_16,Reggaeton,61,175,156,86.2,68.9,0.0,71.5,6.6,0.1,7.0,1.4689999999999999,2013,0
TRACK_0733,Artista_08,Electrónica,53,238,117,35.5,68.5,80.0,19.5,3.6,32.3,48.0,2.34,2023,1
TRACK_0734,Artista_38,Pop,62,216,103,22.6,100.0,20.4,70.2,15.1,13.6,14.0,3.28,2013,0
TRACK_0735,Artista_12,Reggaeton,49,160,116,75.7,63.7,10.5,68.9,26.0,14.7,11.3,2.899,2011,1
TRACK_0736,Artista_24,Reggaeton,72,172,121,47.3,48.7,0.0,47.6,12.6,65.3,28.9,6.21,2022,0
TRACK_0737,Artista_28,Clásica,68,263,95,47.0,52.8,97.4,11.2,36.1,46.7,14.3,5.53,2015,0
TRACK_0738,Artista_08,Rock,71,279,98,43.5,59.5,12.9,29.6,0.5,38.7,57.2,11.69,2015,0
TRACK_0739,Artista_28,Rock,48,234,89,100.0,37.2,11.3,22.1,0.4,27.1,25.9,23.361,2010,1
TRACK_0740,Artista_36,Rock,65,200,124,68.4,37.1,12.8,70.7,22.4,34.1,25.5,9.71,2021,0
TRACK_0741,Artista_26,Electrónica,58,190,135,77.5,80.9,55.599999999999994,24.5,22.8,10.8,39.8,2.574,2017,0
TRACK_0742,Artista_08,Rock,87,234,109,73.0,78.6,41.4,59.8,1.1,16.5,30.9,5.48,2012,0
TRACK_0743,Artista_50,Reggaeton,59,213,137,74.8,88.4,28.9,69.7,4.4,15.8,38.5,0.65,2010,0
TRACK_0744,Artista_28,Hip Hop,61,137,81,55.3,66.9,4.199999999999999,59.9,30.0,9.4,52.0,2.53,2019,1
TRACK_0745,Artista_28,Hip Hop,81,256,126,64.1,77.6,62.0,55.1,13.4,5.0,13.4,0.21,2010,0
TRACK_0746,Artista_37,Reggaeton,63,270,124,40.5,76.3,31.700000000000003,24.1,3.1,36.6,40.7,2.94,2010,0
TRACK_0747,Artista_41,Jazz,75,243,110,32.2,34.3,61.7,49.3,11.4,37.9,32.2,2.36,2014,0
TRACK_0748,Artista_36,Reggaeton,88,160,144,32.5,62.9,85.0,89.9,40.1,37.6,10.7,10.27,2014,0
TRACK_0749,Artista_27,Reggaeton,75,181,163,32.1,76.3,0.0,32.7,16.0,12.9,15.0,1.4,2010,1
TRACK_0750,Artista_17,Pop,83,126,122,77.9,63.2,28.3,88.1,15.0,16.3,35.7,7.15,2014,0
TRACK_0751,Artista_09,Country,33,281,146,44.6,65.2,87.2,68.5,4.2,100.0,62.7,2.85,2016,0
TRACK_0752,Artista_33,Pop,63,193,111,87.0,69.6,46.9,67.4,10.8,60.5,46.4,3.497,2014,1
TRACK_0753,Artista_20,Pop,72,314,113,46.5,59.3,24.9,40.7,1.2,6.3,9.9,1.78,2018,0
TRACK_0754,Artista_13,Pop,62,297,117,17.9,78.4,2.4,40.8,48.6,40.6,33.4,6.43,2013,1
TRACK_0755,Artista_28,Electrónica,81,169,159,52.2,78.8,11.7,66.6,6.6,9.9,13.2,3.69,2022,1
TRACK_0756,Artista_48,Pop,93,178,135,26.1,86.1,22.4,57.7,10.2,1.5,29.6,1.42,2018,0
TRACK_0757,Artista_29,Pop,54,230,123,18.6,81.5,6.1,50.7,20.9,17.2,27.3,5.25,2021,1
TRACK_0758,Artista_13,Pop,52,131,89,54.5,63.2,64.2,36.2,0.0,75.5,28.3,6.47,2017,0
TRACK_0759,Artista_46,Pop,77,190,135,39.2,64.0,12.6,80.0,37.3,73.2,15.4,28.03,2023,1
TRACK_0760,Artista_35,Reggaeton,84,185,113,29.1,86.4,0.0,81.4,4.4,2.7,7.0,2.23,2022,0
TRACK_0761,Artista_06,Electrónica,76,293,117,79.8,43.6,13.5,3.5,4.1,29.5,63.1,3.653,2010,1
TRACK_0762,Artista_18,Rock,71,217,91,33.7,37.5,25.1,9.0,1.6,42.5,52.6,0.95,2022,0
TRACK_0763,Artista_05,Reggaeton,71,197,132,66.3,64.0,0.0,40.7,19.5,9.2,31.1,2.62,2013,1
TRACK_0764,Artista_47,Electrónica,86,181,170,46.5,72.2,0.0,93.9,20.5,21.5,27.6,1.26,2016,1
TRACK_0765,Artista_25,Pop,63,250,95,35.3,68.8,3.0,56.8,0.2,13.4,30.9,16.86,2010,0
TRACK_0766,Artista_02,Rock,60,187,161,69.2,50.0,11.3,35.4,0.6,15.2,51.7,8.31,2021,0
TRACK_0767,Artista_10,Country,62,207,142,85.3,65.0,15.2,80.8,25.1,28.6,22.6,1.599,2017,1
TRACK_0768,Artista_30,Reggaeton,80,181,98,39.0,70.8,0.0,7.1,1.3,6.1,22.5,1.39,2023,0
TRACK_0769,Artista_50,Rock,55,141,110,35.1,44.7,17.0,17.4,9.7,18.3,23.6,2.31,2020,0
TRACK_0770,Artista_45,Reggaeton,67,165,108,56.5,88.2,8.2,47.4,9.7,4.2,19.1,21.28,2011,0
TRACK_0771,Artista_05,Rock,78,187,136,15.7,76.6,80.5,63.4,20.4,35.4,20.1,2.15,2017,0
TRACK_0772,Artista_33,Reggaeton,67,198,110,79.4,39.4,8.3,74.3,8.5,12.3,49.0,4.719,2020,0
TRACK_0773,Artista_01,Pop,72,200,79,19.7,64.5,36.7,90.7,5.7,11.7,30.2,28.22,2022,0
TRACK_0774,Artista_18,Pop,43,205,111,42.4,63.7,13.3,53.5,36.6,18.6,20.0,7.38,2013,0
TRACK_0775,Artista_32,Pop,77,188,149,61.7,100.0,41.8,97.9,2.6,3.4,26.5,0.79,2017,0
TRACK_0776,Artista_47,Clásica,50,270,95,74.9,18.0,59.1,71.7,3.0,85.7,9.7,0.5,2010,0
TRACK_0777,Artista_49,Hip Hop,92,252,129,49.7,75.5,8.5,47.7,12.9,12.5,24.6,5.02,2021,0
TRACK_0778,Artista_11,Pop,65,203,130,58.8,55.0,6.5,76.8,37.0,9.1,35.6,70.92,2014,0
TRACK_0779,Artista_21,Pop,55,221,82,86.6,58.6,10.9,64.5,12.3,2.7,12.7,29.64,2018,0
TRACK_0780,Artista_26,Hip Hop,64,193,97,45.4,32.8,19.1,47.8,12.1,3.7,4.9,7.04,2016,0
TRACK_0781,Artista_25,Pop,97,82,120,46.5,90.5,16.7,77.9,12.2,50.6,44.7,11.5,2012,1
TRACK_0782,Artista_22,Pop,87,210,106,20.6,76.0,66.1,35.4,5.2,12.2,12.4,12.59,2013,0
TRACK_0783,Artista_27,Country,68,677,162,49.0,30.0,23.0,90.3,34.3,25.6,28.7,0.63,2019,0
TRACK_0784,Artista_49,Rock,53,137,89,73.7,85.6,7.3,25.4,3.2,11.7,34.6,5.75,2016,0
TRACK_0785,Artista_13,Electrónica,102,232,117,86.6,89.0,6.699999999999999,77.0,12.4,20.6,24.6,28.171000000000003,2023,1
TRACK_0786,Artista_33,Country,55,197,127,50.8,62.2,80.2,69.9,9.9,50.9,14.6,55.13,2015,0
TRACK_0787,Artista_34,Rock,84,225,104,36.0,55.099999999999994,18.6,58.3,0.1,17.1,26.9,8.22,2022,1
TRACK_0788,Artista_41,Pop,70,198,47,54.9,63.7,31.3,82.9,21.6,17.3,35.5,0.88,2022,0
TRACK_0789,Artista_35,Pop,90,266,168,36.4,99.4,7.9,56.8,1.5,56.3,49.6,8.89,2013,0
TRACK_0790,Artista_01,Jazz,84,220,78,13.5,34.7,44.5,73.0,10.9,50.4,19.6,8.72,2012,1
TRACK_0791,Artista_21,Jazz,74,255,119,45.7,63.5,66.4,81.1,14.9,26.3,28.8,12.72,2020,0
TRACK_0792,Artista_48,Hip Hop,84,258,88,72.0,92.4,50.5,77.6,22.0,9.5,35.2,7.3,2011,1
TRACK_0793,Artista_06,Pop,76,159,98,64.6,79.3,3.3,76.3,1.0,1.8,17.5,41.77,2019,1
TRACK_0794,Artista_28,Hip Hop,71,176,79,63.0,87.0,3.1999999999999993,80.8,49.0,39.5,23.4,5.63,2021,1
TRACK_0795,Artista_17,Clásica,75,230,81,0.0,70.1,60.6,34.5,2.7,59.4,37.0,4.81,2018,1
TRACK_0796,Artista_05,Electrónica,67,193,123,63.6,95.1,0.0,87.8,9.9,62.6,16.5,3.27,2012,0
TRACK_0797,Artista_31,Clásica,108,199,96,25.299999999999997,75.8,65.2,45.3,16.0,40.4,17.8,5.04,2016,0
TRACK_0798,Artista_05,Jazz,50,267,95,59.5,39.4,42.5,26.1,28.0,36.0,32.1,6.27,2010,0
TRACK_0799,Artista_38,Electrónica,88,196,103,53.7,90.2,0.0,47.2,9.3,2.2,10.0,5.19,2017,1
TRACK_0800,Artista_03,Reggaeton,80,166,121,16.2,94.1,35.6,49.2,3.0,8.6,23.2,11.46,2010,0
TRACK_0801,Artista_23,Rock,73,172,156,53.8,57.2,15.3,88.8,18.1,13.5,12.1,0.37,2021,0
TRACK_0802,Artista_37,Pop,100,308,153,74.5,95.1,100.0,41.9,1.8,8.0,13.8,3.81,2011,1
TRACK_0803,Artista_37,Electrónica,69,201,151,52.3,50.0,30.799999999999997,18.2,0.2,34.2,23.0,8.34,2010,0
TRACK_0804,Artista_10,Rock,55,148,136,29.9,46.7,41.9,75.2,23.9,13.5,11.9,6.28,2013,0
TRACK_0805,Artista_10,Jazz,69,130,156,15.1,56.2,21.9,60.6,8.6,37.8,16.8,0.97,2011,1
TRACK_0806,Artista_19,Country,70,181,134,37.3,82.0,85.4,64.2,0.7,50.9,37.5,8.47,2010,0
TRACK_0807,Artista_17,Hip Hop,72,201,136,33.1,55.1,36.8,25.8,20.7,100.0,12.7,4.76,2010,0
TRACK_0808,Artista_21,Pop,90,252,80,54.1,96.3,7.8,60.9,1.6,5.8,64.9,11.22,2011,0
TRACK_0809,Artista_14,Rock,60,248,92,79.5,82.5,19.9,56.4,0.3,64.8,32.9,11.635,2015,0
TRACK_0810,Artista_09,Pop,95,209,119,9.1,90.0,9.4,69.1,1.2,6.1,43.6,6.62,2011,0
TRACK_0811,Artista_46,Electrónica,66,189,119,54.9,58.6,80.0,53.5,14.9,10.7,30.6,4.5,2022,0
TRACK_0812,Artista_01,Hip Hop,76,225,95,74.4,58.5,47.8,50.5,26.1,42.1,37.7,6.32,2022,0
TRACK_0813,Artista_45,Clásica,79,131,77,0.0,58.7,100.0,81.4,9.3,70.9,44.3,6.33,2021,0
TRACK_0814,Artista_13,Reggaeton,75,299,99,71.6,61.2,31.6,56.9,2.3,39.0,37.7,22.04,2021,0
TRACK_0815,Artista_04,Clásica,63,239,80,18.9,64.9,48.3,51.8,13.4,72.2,19.1,162.13,2020,0
TRACK_0816,Artista_01,Jazz,62,249,113,67.2,61.3,26.9,73.8,5.2,30.4,42.5,1.24,2022,0
TRACK_0817,Artista_49,Rock,60,161,164,37.4,31.1,12.0,38.8,7.1,26.4,40.1,0.19,2011,0
TRACK_0818,Artista_40,Jazz,88,267,124,54.9,50.2,24.9,54.9,22.8,34.7,41.1,2.38,2017,0
TRACK_0819,Artista_32,Rock,52,189,135,95.6,25.1,28.7,55.4,6.1,22.3,5.7,1.885,2014,0
TRACK_0820,Artista_34,Rock,59,167,79,60.1,40.1,80.8,19.7,9.8,13.3,14.6,12.3,2023,1
TRACK_0821,Artista_28,Electrónica,61,208,142,64.3,100.0,80.0,33.4,32.6,7.6,24.0,26.86,2017,1
TRACK_0822,Artista_31,Rock,72,207,118,50.7,30.9,15.2,41.7,6.0,49.0,31.5,11.92,2021,0
TRACK_0823,Artista_08,Electrónica,55,161,147,73.4,85.2,15.899999999999999,68.3,8.2,45.6,42.1,3.07,2023,1
TRACK_0824,Artista_39,Electrónica,57,169,130,70.5,81.5,7.300000000000001,21.8,8.8,18.8,33.1,10.79,2021,0
TRACK_0825,Artista_26,Reggaeton,74,166,176,53.4,73.6,5.100000000000001,49.1,2.8,13.8,38.1,19.26,2023,1
TRACK_0826,Artista_34,Rock,45,166,121,55.2,68.9,37.9,58.4,13.4,35.0,13.9,9.96,2017,0
TRACK_0827,Artista_03,Reggaeton,59,192,138,56.8,95.2,0.0,38.3,13.0,18.8,30.2,8.69,2021,1
TRACK_0828,Artista_50,Reggaeton,45,147,85,97.3,54.6,71.7,23.1,2.4,82.3,17.5,5.07,2011,0
TRACK_0829,Artista_12,Reggaeton,65,178,132,88.0,89.0,21.700000000000003,10.8,0.1,4.2,42.7,1.352,2023,0
TRACK_0830,Artista_01,Reggaeton,75,257,163,67.0,60.9,27.1,31.0,68.5,11.9,21.7,16.71,2016,0
TRACK_0831,Artista_44,Pop,92,247,133,54.4,96.5,8.3,49.6,8.7,50.1,9.7,34.24,2018,0
TRACK_0832,Artista_05,Reggaeton,106,162,81,81.5,95.3,0.0,47.3,2.0,49.2,42.2,1.118,2021,1
TRACK_0833,Artista_30,Pop,98,253,108,23.3,65.9,15.0,27.2,3.3,13.7,36.1,11.24,2017,0
TRACK_0834,Artista_30,Electrónica,81,121,183,93.6,59.3,23.700000000000003,20.8,9.6,2.9,22.1,2.223,2022,0
TRACK_0835,Artista_17,Hip Hop,88,319,116,35.0,85.0,73.8,72.2,13.5,33.7,30.7,7.85,2018,0
TRACK_0836,Artista_48,Reggaeton,79,268,143,71.7,99.2,1.6999999999999993,34.3,0.4,17.6,26.1,0.84,2022,0
TRACK_0837,Artista_47,Reggaeton,80,184,175,53.0,77.8,29.6,33.2,16.0,29.7,31.8,11.44,2017,0
TRACK_0838,Artista_23,Country,102,227,116,24.7,77.2,34.1,52.0,12.6,12.4,33.1,7.49,2013,1
TRACK_0839,Artista_15,Jazz,70,146,124,55.4,47.8,30.5,82.5,3.7,29.6,31.8,12.09,2019,1
TRACK_0840,Artista_37,Clásica,90,841,110,82.4,87.3,70.3,41.2,0.6,40.5,18.5,12.675,2016,0
TRACK_0841,Artista_21,Hip Hop,58,201,135,45.6,93.5,38.0,38.1,18.7,16.4,18.2,5.61,2018,1
TRACK_0842,Artista_14,Pop,68,172,129,88.1,76.5,6.8,36.5,3.2,3.5,27.3,15.001999999999999,2018,1
TRACK_0843,Artista_02,Pop,82,188,106,53.9,78.0,10.9,44.6,5.1,4.1,14.7,2.63,2013,0
TRACK_0844,Artista_11,Reggaeton,75,184,123,96.7,100.0,5.5,58.9,3.2,11.5,8.4,11.622,2016,1
TRACK_0845,Artista_39,Pop,68,657,98,63.6,100.0,6.2,65.6,1.9,11.7,31.4,2.31,2015,0
TRACK_0846,Artista_38,Reggaeton,113,171,94,73.7,100.0,64.3,65.4,4.9,6.4,23.8,9.49,2021,1
TRACK_0847,Artista_34,Rock,72,145,151,58.4,49.7,31.8,61.5,33.5,12.8,44.4,3.56,2021,0
TRACK_0848,Artista_38,Reggaeton,66,248,135,29.9,81.6,0.0,32.3,3.1,58.0,15.9,8.06,2012,1
TRACK_0849,Artista_50,Hip Hop,67,168,149,30.8,31.2,0.0,42.5,16.1,2.8,44.6,3.18,2019,1
TRACK_0850,Artista_34,Hip Hop,65,155,159,64.2,45.8,82.6,18.9,16.0,8.6,18.2,3.25,2015,0
TRACK_0851,Artista_18,Reggaeton,75,247,136,51.5,100.0,25.200000000000003,78.9,6.5,7.3,45.9,3.43,2017,0
TRACK_0852,Artista_30,Jazz,41,226,72,44.1,42.6,59.8,47.9,18.5,65.2,11.8,0.91,2011,1
TRACK_0853,Artista_15,Reggaeton,89,246,130,100.0,53.5,0.0,18.3,5.1,10.6,40.7,16.458000000000002,2021,1
TRACK_0854,Artista_27,Jazz,85,251,88,65.7,19.6,87.7,17.0,16.4,27.6,19.8,4.74,2012,0
TRACK_0855,Artista_34,Pop,92,297,70,52.6,63.7,17.6,46.4,1.2,0.2,12.7,0.95,2017,1
TRACK_0856,Artista_38,Country,69,202,107,46.9,58.1,47.3,14.6,22.5,25.6,15.5,2.34,2013,0
TRACK_0857,Artista_33,Electrónica,82,144,138,69.3,84.2,76.3,95.4,2.0,25.1,17.2,2.18,2013,1
TRACK_0858,Artista_24,Rock,52,222,103,47.4,30.0,8.2,27.9,0.4,20.8,10.6,7.24,2011,0
TRACK_0859,Artista_15,Pop,82,179,100,36.8,67.5,19.7,77.0,1.7,2.7,17.3,3.49,2020,0
TRACK_0860,Artista_30,Reggaeton,68,166,103,28.7,49.3,0.0,44.4,2.1,9.3,7.5,13.31,2019,0
TRACK_0861,Artista_42,Pop,68,214,124,24.9,43.6,20.8,78.5,7.1,17.8,22.3,1.07,2021,0
TRACK_0862,Artista_17,Pop,87,248,166,39.5,43.1,8.7,42.3,6.0,24.3,33.9,7.54,2022,1
TRACK_0863,Artista_05,Electrónica,86,172,171,100.0,84.7,52.599999999999994,75.7,12.6,1.6,10.5,8.918000000000001,2010,0
TRACK_0864,Artista_29,Reggaeton,73,267,151,52.9,100.0,0.1999999999999993,26.1,0.5,16.3,8.3,2.71,2016,1
TRACK_0865,Artista_04,Electrónica,84,165,156,91.2,89.6,10.100000000000001,85.8,6.9,6.5,52.3,7.904000000000001,2023,1
TRACK_0866,Artista_10,Clásica,49,199,96,50.099999999999994,41.6,89.0,81.4,4.0,59.2,47.1,4.29,2013,1
TRACK_0867,Artista_17,Reggaeton,83,227,89,48.5,58.9,85.0,52.9,10.0,20.9,11.8,19.1,2015,0
TRACK_0868,Artista_10,Reggaeton,59,192,125,84.2,75.6,6.0,60.4,0.4,48.3,54.5,6.448,2017,0
TRACK_0869,Artista_17,Pop,67,130,95,45.3,89.0,18.3,83.5,0.4,10.6,47.6,17.55,2020,0
TRACK_0870,Artista_20,Hip Hop,73,251,123,66.5,100.0,0.0,51.9,17.6,15.4,49.2,12.19,2016,0
TRACK_0871,Artista_24,Rock,86,181,150,38.1,8.2,5.4,45.0,16.7,16.2,53.1,1.01,2022,1
TRACK_0872,Artista_05,Country,94,243,169,44.4,70.1,43.2,38.8,11.1,6.8,25.8,4.05,2023,0
TRACK_0873,Artista_34,Jazz,64,153,106,15.7,64.3,22.0,62.8,0.2,25.9,49.0,12.16,2016,1
TRACK_0874,Artista_06,Reggaeton,76,160,93,45.0,59.3,0.0,4.1,2.0,6.7,13.7,6.01,2015,0
TRACK_0875,Artista_02,Pop,44,248,121,69.7,40.6,0.1,28.2,2.6,1.3,39.1,4.95,2020,0
TRACK_0876,Artista_13,Jazz,54,225,107,37.0,59.099999999999994,48.7,16.1,5.5,91.4,26.4,5.33,2013,0
TRACK_0877,Artista_43,Hip Hop,54,190,136,69.4,51.5,6.600000000000001,71.5,20.8,19.6,19.2,9.28,2013,1
TRACK_0878,Artista_43,Pop,96,225,119,55.3,93.6,4.1,61.2,2.4,3.8,33.0,2.82,2018,0
TRACK_0879,Artista_48,Rock,74,167,121,73.4,62.400000000000006,15.5,25.6,4.8,12.5,69.7,3.18,2020,0
TRACK_0880,Artista_11,Hip Hop,75,214,104,3.3,80.8,15.3,76.6,20.8,9.2,40.0,12.26,2014,0
TRACK_0881,Artista_47,Pop,74,215,112,47.4,67.1,32.1,54.0,4.8,7.4,12.4,5.75,2018,1
TRACK_0882,Artista_23,Clásica,88,193,112,6.5,22.2,48.6,68.0,1.5,46.5,13.2,3.63,2020,0
TRACK_0883,Artista_16,Reggaeton,75,172,84,93.8,89.9,33.9,43.1,6.8,12.6,9.6,6.084,2021,0
TRACK_0884,Artista_31,Pop,58,213,112,32.3,76.5,3.6,23.3,3.9,48.8,48.7,8.28,2018,0
TRACK_0885,Artista_11,Hip Hop,89,207,137,61.9,74.4,0.0,77.5,32.0,16.8,36.7,4.39,2013,1
TRACK_0886,Artista_16,Rock,67,189,161,70.2,50.7,6.4,59.8,14.9,24.7,18.0,5.43,2011,0
TRACK_0887,Artista_08,Reggaeton,87,163,125,28.7,100.0,8.0,15.7,2.1,32.9,29.0,0.57,2011,1
TRACK_0888,Artista_04,Pop,77,210,149,41.3,92.2,36.7,85.5,1.7,0.1,10.6,6.01,2018,0
TRACK_0889,Artista_40,Pop,57,189,162,12.8,46.0,4.2,39.1,4.3,4.4,28.6,3.84,2018,0
TRACK_0890,Artista_04,Electrónica,79,163,130,49.7,73.3,10.600000000000001,39.9,5.3,13.7,9.6,13.52,2012,0
TRACK_0891,Artista_25,Reggaeton,65,211,121,47.5,60.8,4.399999999999999,79.4,26.9,24.4,30.3,4.22,2014,0
TRACK_0892,Artista_03,Reggaeton,67,282,130,86.5,65.0,85.0,58.1,3.6,13.3,71.8,34.528,2014,0
TRACK_0893,Artista_32,Hip Hop,89,193,117,43.1,58.7,27.9,49.8,32.2,3.6,15.6,9.34,2011,1
TRACK_0894,Artista_03,Electrónica,48,277,167,50.3,44.3,12.100000000000001,59.4,7.0,53.2,9.2,1.83,2011,0
TRACK_0895,Artista_27,Pop,82,305,100,53.6,87.9,25.4,59.4,21.7,8.0,36.1,1.02,2019,0
TRACK_0896,Artista_29,Rock,57,167,194,55.4,58.900000000000006,100.0,16.2,12.1,41.0,47.6,4.06,2021,0
TRACK_0897,Artista_32,Clásica,31,210,79,19.299999999999997,47.9,100.0,31.9,12.3,84.4,50.3,4.64,2022,0
TRACK_0898,Artista_50,Hip Hop,64,304,88,40.0,46.1,13.2,63.2,19.3,8.5,5.1,0.58,2010,0
TRACK_0899,Artista_19,Reggaeton,65,204,148,51.1,62.8,3.1999999999999993,27.7,18.3,37.3,49.1,4.21,2011,0
TRACK_0900,Artista_21,Rock,79,211,150,78.4,55.5,23.6,90.6,2.9,34.8,7.7,3.926,2023,0
TRACK_0901,Artista_05,Rock,61,134,124,56.0,65.9,21.8,43.6,23.8,56.9,56.3,5.71,2020,0
TRACK_0902,Artista_18,Hip Hop,42,186,130,6.0,47.2,12.7,15.4,22.1,5.8,38.0,50.44,2016,0
TRACK_0903,Artista_28,Jazz,52,235,153,46.6,69.2,29.6,71.4,5.8,78.6,10.0,0.6,2010,1
TRACK_0904,Artista_42,Electrónica,84,319,171,65.1,50.8,58.400000000000006,89.2,40.3,1.4,17.8,13.93,2010,0
TRACK_0905,Artista_22,Hip Hop,60,201,120,27.7,74.2,10.2,83.7,31.8,31.6,27.6,8.03,2018,0
TRACK_0906,Artista_21,Hip Hop,101,135,109,60.3,93.0,45.4,80.9,26.8,11.4,30.4,2.47,2022,0
TRACK_0907,Artista_06,Pop,93,146,147,25.8,77.8,19.3,68.5,3.2,3.9,14.1,4.61,2011,0
TRACK_0908,Artista_01,Reggaeton,68,208,155,89.6,71.1,23.0,26.5,36.4,1.7,15.6,17.433,2020,0
TRACK_0909,Artista_05,Pop,67,262,130,42.0,92.0,12.3,54.2,13.6,9.9,38.5,5.12,2013,0
TRACK_0910,Artista_41,Pop,85,238,111,92.5,63.3,29.4,35.0,9.3,9.9,16.9,0.5720000000000001,2020,0
TRACK_0911,Artista_12,Jazz,61,230,103,94.8,58.5,40.7,20.2,25.5,30.2,5.6,9.022,2012,0
TRACK_0912,Artista_26,Reggaeton,54,268,131,85.3,73.8,0.0,21.9,1.8,4.9,30.4,13.858,2023,0
TRACK_0913,Artista_46,Reggaeton,81,177,127,40.8,97.7,49.0,63.8,1.5,10.2,34.7,2.73,2020,0
TRACK_0914,Artista_34,Pop,84,210,104,11.9,73.1,3.6,52.6,8.3,10.6,12.3,12.64,2013,0
TRACK_0915,Artista_49,Rock,82,186,126,51.4,69.9,25.0,41.0,0.6,21.7,15.9,13.89,2020,1
TRACK_0916,Artista_14,Pop,80,197,103,70.9,54.0,6.5,80.7,10.9,40.6,24.0,21.47,2023,0
TRACK_0917,Artista_26,Pop,69,164,124,54.8,78.6,59.2,32.8,2.8,18.9,52.9,14.94,2020,1
TRACK_0918,Artista_45,Electrónica,92,194,87,44.4,76.8,0.0,40.0,1.3,0.4,48.0,95.04,2016,0
TRACK_0919,Artista_27,Rock,85,208,105,68.3,63.400000000000006,35.1,60.2,5.3,24.6,6.9,18.16,2019,0
TRACK_0920,Artista_09,Electrónica,81,193,167,40.8,72.9,0.0,46.9,6.3,28.7,56.3,5.5,2023,0
TRACK_0921,Artista_26,Pop,70,202,97,30.6,42.5,15.6,9.3,1.9,1.2,45.3,11.72,2011,0
TRACK_0922,Artista_47,Pop,58,228,134,41.2,75.0,68.9,16.8,0.4,11.0,20.2,5.25,2011,1
TRACK_0923,Artista_22,Rock,55,265,99,86.1,27.5,10.4,93.9,5.3,22.0,16.9,4.329000000000001,2018,0
TRACK_0924,Artista_47,Reggaeton,76,269,154,71.7,67.7,17.6,55.5,14.3,61.6,27.6,1.29,2015,0
TRACK_0925,Artista_30,Electrónica,64,244,132,85.8,85.8,0.0,30.9,20.7,12.9,37.7,5.044,2020,1
TRACK_0926,Artista_43,Reggaeton,51,153,126,83.6,90.8,1.1000000000000014,38.2,1.0,27.7,8.4,17.069000000000003,2016,0
TRACK_0927,Artista_48,Reggaeton,108,193,185,88.3,94.3,8.3,18.6,7.4,7.2,27.2,2.223,2014,0
TRACK_0928,Artista_17,Hip Hop,48,197,86,48.2,44.6,15.8,82.8,15.1,30.2,81.6,7.41,2022,0
TRACK_0929,Artista_26,Pop,100,180,144,89.6,55.0,27.7,44.3,4.7,7.8,21.6,3.9000000000000004,2014,1
TRACK_0930,Artista_36,Rock,60,225,152,72.9,58.099999999999994,35.7,35.2,27.1,21.2,30.8,4.77,2013,1
TRACK_0931,Artista_01,Hip Hop,71,138,110,32.9,70.7,0.0,42.6,16.3,13.1,10.6,4.46,2017,0
TRACK_0932,Artista_08,Electrónica,62,286,153,82.5,81.5,0.0,34.3,4.5,52.2,24.5,7.839,2016,1
TRACK_0933,Artista_49,Rock,76,263,139,22.1,64.5,6.1,21.0,2.3,11.1,31.3,72.59,2019,0
TRACK_0934,Artista_35,Clásica,51,231,97,33.0,85.7,73.9,44.6,32.2,44.4,53.6,2.57,2011,1
TRACK_0935,Artista_15,Hip Hop,37,207,92,58.9,33.1,44.4,80.1,18.1,24.5,19.4,4.6,2011,0
TRACK_0936,Artista_47,Rock,89,265,159,65.7,7.100000000000001,11.7,37.3,8.4,27.2,13.2,3.72,2015,0
TRACK_0937,Artista_22,Electrónica,57,241,130,58.1,60.4,0.0,30.6,6.0,5.8,44.0,0.79,2021,0
TRACK_0938,Artista_14,Reggaeton,84,259,119,71.5,100.0,0.0,42.9,2.9,6.8,45.8,13.5,2020,1
TRACK_0939,Artista_26,Reggaeton,56,207,175,74.7,100.0,85.0,53.2,16.6,9.2,35.6,1.77,2010,1
TRACK_0940,Artista_28,Rock,83,290,135,94.9,81.0,54.4,72.0,0.3,22.0,27.7,32.487,2016,0
TRACK_0941,Artista_23,Rock,90,262,126,45.5,34.0,18.4,23.2,11.7,44.1,38.1,1.88,2017,0
TRACK_0942,Artista_14,Electrónica,62,232,115,36.0,66.1,0.0,50.9,9.0,0.3,43.8,7.63,2023,0
TRACK_0943,Artista_24,Reggaeton,43,266,155,55.2,82.2,0.0,52.5,1.6,45.7,32.1,38.48,2019,1
TRACK_0944,Artista_02,Jazz,90,191,177,43.4,53.5,47.3,71.2,1.8,35.7,37.5,8.3,2017,0
TRACK_0945,Artista_45,Electrónica,86,157,162,34.9,100.0,17.9,82.9,10.8,5.2,40.0,2.37,2012,1
TRACK_0946,Artista_26,Pop,67,224,132,88.1,67.6,17.8,33.7,3.7,14.2,49.3,2.132,2022,0
TRACK_0947,Artista_14,Electrónica,69,207,158,73.2,90.1,42.0,83.5,3.1,21.6,52.1,0.34,2016,0
TRACK_0948,Artista_07,Rock,48,201,111,52.9,62.400000000000006,26.8,70.0,0.6,10.9,13.5,3.07,2010,0
TRACK_0949,Artista_03,Reggaeton,91,264,126,32.2,68.3,0.0,64.9,14.5,25.2,11.2,0.87,2022,1
TRACK_0950,Artista_47,Electrónica,64,217,131,65.8,74.0,9.2,52.2,21.4,28.6,26.1,4.62,2020,0
TRACK_0951,Artista_23,Pop,56,221,105,35.7,82.4,18.6,65.6,17.1,3.6,58.2,2.87,2012,0
TRACK_0952,Artista_46,Reggaeton,81,195,126,20.3,100.0,67.3,27.3,6.3,3.7,21.1,5.38,2022,0
TRACK_0953,Artista_43,Pop,57,249,111,51.1,46.8,14.9,49.5,7.6,4.6,41.5,1.2,2015,1
TRACK_0954,Artista_47,Pop,54,241,113,55.4,43.2,15.5,41.6,2.8,31.9,10.2,2.54,2018,0
TRACK_0955,Artista_45,Rock,58,249,113,73.6,63.2,36.6,57.8,1.9,16.3,43.3,8.91,2014,0
TRACK_0956,Artista_18,Rock,71,187,126,44.9,55.599999999999994,27.5,50.8,17.3,41.8,45.8,6.77,2022,0
TRACK_0957,Artista_38,Country,49,268,121,37.2,68.1,29.1,66.2,16.0,15.6,39.1,0.52,2023,0
TRACK_0958,Artista_35,Reggaeton,93,292,139,93.3,100.0,85.0,22.0,15.0,29.1,56.4,15.626,2014,1
TRACK_0959,Artista_15,Rock,75,247,158,100.0,56.400000000000006,15.8,63.3,6.2,26.1,25.6,1.6900000000000002,2018,0
TRACK_0960,Artista_25,Reggaeton,64,173,136,53.7,26.5,0.0,27.1,20.0,8.2,24.9,0.72,2021,0
TRACK_0961,Artista_37,Pop,56,173,175,87.3,69.5,59.9,65.6,26.1,48.3,9.4,4.524,2018,1
TRACK_0962,Artista_28,Country,63,193,128,72.0,54.0,15.1,79.8,4.0,25.1,12.4,82.69,2015,1
TRACK_0963,Artista_10,Electrónica,86,184,128,72.0,87.4,0.0,46.2,2.5,13.2,13.5,3.04,2014,0
TRACK_0964,Artista_39,Hip Hop,84,206,153,6.1,77.6,16.8,29.3,18.2,20.3,41.4,5.1,2019,0
TRACK_0965,Artista_17,Pop,85,238,118,23.2,35.3,5.3,50.4,2.0,19.1,15.0,10.33,2011,0
TRACK_0966,Artista_39,Reggaeton,65,223,75,48.2,97.6,85.0,12.5,21.5,8.9,41.3,1.6,2020,0
TRACK_0967,Artista_22,Reggaeton,29,219,134,51.5,100.0,3.6999999999999993,57.5,4.1,11.0,34.6,6.55,2017,0
TRACK_0968,Artista_26,Jazz,88,199,98,85.3,41.8,47.3,60.9,8.6,32.7,41.5,2.184,2021,0
TRACK_0969,Artista_44,Pop,99,206,160,20.9,100.0,5.2,66.5,9.0,100.0,11.3,8.79,2017,1
TRACK_0970,Artista_25,Rock,74,245,97,90.4,55.599999999999994,15.2,48.1,7.2,27.4,9.2,9.477,2016,0
TRACK_0971,Artista_17,Country,103,119,111,42.9,79.1,43.6,79.4,1.7,1.9,16.1,6.55,2023,0
TRACK_0972,Artista_13,Reggaeton,108,209,166,75.1,82.1,8.899999999999999,86.0,47.1,14.6,56.6,7.189000000000001,2017,0
TRACK_0973,Artista_20,Rock,55,222,129,26.6,29.799999999999997,51.0,32.8,1.9,11.0,29.1,50.3,2012,0
TRACK_0974,Artista_25,Pop,72,245,115,25.4,60.8,9.4,75.5,13.9,6.8,38.0,5.96,2012,0
TRACK_0975,Artista_04,Country,93,164,101,49.5,78.3,46.8,92.7,15.7,11.8,22.3,8.49,2011,0
TRACK_0976,Artista_10,Pop,65,162,128,40.5,72.0,10.3,56.5,1.6,15.3,71.0,6.98,2010,1
TRACK_0977,Artista_03,Hip Hop,56,236,119,56.9,58.0,16.5,36.6,39.1,74.7,24.5,1.35,2012,1
TRACK_0978,Artista_41,Hip Hop,56,124,100,23.1,44.3,17.9,30.5,18.7,80.6,30.2,1.78,2012,0
TRACK_0979,Artista_45,Pop,69,269,102,82.1,59.3,3.9,32.3,9.9,2.1,14.9,1.586,2016,0
TRACK_0980,Artista_18,Electrónica,66,220,119,21.4,63.4,3.8999999999999986,40.3,10.3,15.4,15.4,1.75,2021,1
TRACK_0981,Artista_47,Pop,69,280,95,86.7,94.9,0.4,80.1,7.0,34.0,39.5,3.172,2019,0
TRACK_0982,Artista_36,Rock,50,161,143,81.9,12.899999999999999,25.9,51.4,1.5,15.4,24.9,4.5760000000000005,2018,1
TRACK_0983,Artista_47,Hip Hop,82,190,139,30.6,29.9,25.9,70.6,25.9,27.8,9.6,3.47,2021,0
TRACK_0984,Artista_22,Jazz,85,101,128,60.4,26.200000000000003,22.3,71.5,8.7,67.2,42.0,8.95,2010,0
TRACK_0985,Artista_34,Electrónica,95,174,140,100.0,94.9,63.8,40.5,1.3,21.7,17.7,29.458000000000002,2017,0
TRACK_0986,Artista_47,Reggaeton,65,201,128,73.7,100.0,3.3999999999999986,80.5,12.1,7.9,39.2,17.67,2010,0
TRACK_0987,Artista_08,Pop,90,121,114,44.7,90.4,83.6,96.9,12.1,51.3,5.0,6.26,2012,0
TRACK_0988,Artista_40,Pop,81,192,145,89.8,84.7,3.4,75.7,8.0,43.0,77.3,2.145,2013,1
TRACK_0989,Artista_49,Pop,69,120,74,74.8,100.0,89.8,35.6,0.9,25.2,43.9,15.79,2020,0
TRACK_0990,Artista_44,Pop,81,198,107,60.8,64.2,3.5,47.9,4.3,9.0,11.2,2.31,2017,0
TRACK_0991,Artista_19,Rock,60,261,97,52.1,36.2,23.6,50.6,0.5,41.4,44.3,7.55,2022,1
TRACK_0992,Artista_42,Rock,59,208,153,24.2,63.900000000000006,88.4,57.3,6.5,17.6,22.9,6.28,2010,0
TRACK_0993,Artista_41,Rock,49,284,108,44.7,56.7,12.9,42.5,23.7,15.8,56.7,1.25,2021,0
TRACK_0994,Artista_37,Pop,63,245,79,21.9,66.1,1.1,22.2,0.0,14.5,28.1,2.38,2011,0
TRACK_0995,Artista_06,Reggaeton,76,270,140,32.2,97.7,32.3,92.7,3.1,100.0,11.4,8.3,2020,0
TRACK_0996,Artista_26,Jazz,88,175,95,42.3,10.100000000000001,47.2,41.8,16.1,57.6,15.3,3.73,2014,0
TRACK_0997,Artista_34,Rock,59,174,106,80.9,49.7,26.6,92.4,0.1,36.2,18.4,191.919,2015,0
TRACK_0998,Artista_45,Clásica,49,225,83,15.3,21.7,31.0,42.8,0.1,52.0,33.6,2.63,2014,1
TRACK_0999,Artista_06,Jazz,92,139,87,39.8,52.2,51.8,71.1,9.4,32.5,57.7,1.34,2022,0
TRACK_1000,Artista_37,Pop,70,231,137,57.9,71.5,5.6,80.6,15.6,38.7,27.5,4.89,2012,0
